"","page_number","word","sent_count","sentiment","category"
"1",19,"County",20,"Trust","Emotion"
"2",1,"Tax",17,"Negative","Sentiment"
"3",1,"Tax",17,"Sadness","Emotion"
"4",7,"Debt",17,"Negative","Sentiment"
"5",7,"Debt",17,"Sadness","Emotion"
"6",7,"School",15,"Trust","Emotion"
"7",3,"Tax",14,"Negative","Sentiment"
"8",3,"Tax",14,"Sadness","Emotion"
"9",10,"Debt",13,"Negative","Sentiment"
"10",10,"Debt",13,"Sadness","Emotion"
"11",2,"County",12,"Trust","Emotion"
"12",4,"Balance",12,"Positive","Sentiment"
"13",2,"Tax",11,"Negative","Sentiment"
"14",2,"Tax",11,"Sadness","Emotion"
"15",3,"County",11,"Trust","Emotion"
"16",17,"County",11,"Trust","Emotion"
"17",9,"Public",10,"Anticipation","Emotion"
"18",9,"Public",10,"Positive","Sentiment"
"19",19,"Emergency",10,"Fear","Emotion"
"20",19,"Emergency",10,"Negative","Sentiment"
"21",19,"Enforcement",10,"Negative","Sentiment"
"22",19,"Emergency",10,"Sadness","Emotion"
"23",19,"Emergency",10,"Surprise","Emotion"
"24",1,"County",9,"Trust","Emotion"
"25",18,"County",9,"Trust","Emotion"
"26",19,"Law",9,"Trust","Emotion"
"27",7,"County",8,"Trust","Emotion"
"28",11,"Community",8,"Positive","Sentiment"
"29",11,"General",8,"Positive","Sentiment"
"30",11,"General",8,"Trust","Emotion"
"31",19,"Deputy",8,"Trust","Emotion"
"32",19,"Sheriff",8,"Trust","Emotion"
"33",4,"General",7,"Positive","Sentiment"
"34",4,"General",7,"Trust","Emotion"
"35",6,"General",7,"Positive","Sentiment"
"36",6,"General",7,"Trust","Emotion"
"37",8,"Budget",7,"Trust","Emotion"
"38",10,"School",7,"Trust","Emotion"
"39",12,"Debt",7,"Negative","Sentiment"
"40",12,"Debt",7,"Sadness","Emotion"
"41",12,"Budget",7,"Trust","Emotion"
"42",17,"Debt",7,"Negative","Sentiment"
"43",17,"Debt",7,"Sadness","Emotion"
"44",19,"Public",7,"Anticipation","Emotion"
"45",19,"Public",7,"Positive","Sentiment"
"46",20,"County",7,"Trust","Emotion"
"47",1,"General",6,"Positive","Sentiment"
"48",1,"Increase",6,"Positive","Sentiment"
"49",1,"General",6,"Trust","Emotion"
"50",2,"Budget",6,"Trust","Emotion"
"51",3,"Budget",6,"Trust","Emotion"
"52",4,"Reserve",6,"Positive","Sentiment"
"53",4,"Budget",6,"Trust","Emotion"
"54",5,"General",6,"Positive","Sentiment"
"55",5,"General",6,"Trust","Emotion"
"56",6,"Public",6,"Anticipation","Emotion"
"57",6,"Debt",6,"Negative","Sentiment"
"58",6,"Public",6,"Positive","Sentiment"
"59",6,"Debt",6,"Sadness","Emotion"
"60",7,"Maintenance",6,"Trust","Emotion"
"61",8,"Public",6,"Anticipation","Emotion"
"62",8,"Public",6,"Positive","Sentiment"
"63",8,"County",6,"Trust","Emotion"
"64",9,"County",6,"Trust","Emotion"
"65",11,"Budget",6,"Trust","Emotion"
"66",11,"County",6,"Trust","Emotion"
"67",12,"General",6,"Positive","Sentiment"
"68",12,"Savings",6,"Positive","Sentiment"
"69",12,"General",6,"Trust","Emotion"
"70",16,"General",6,"Positive","Sentiment"
"71",16,"General",6,"Trust","Emotion"
"72",17,"General",6,"Positive","Sentiment"
"73",17,"General",6,"Trust","Emotion"
"74",18,"General",6,"Positive","Sentiment"
"75",18,"General",6,"Trust","Emotion"
"76",1,"Budget",5,"Trust","Emotion"
"77",2,"Public",5,"Anticipation","Emotion"
"78",2,"Increase",5,"Positive","Sentiment"
"79",2,"Public",5,"Positive","Sentiment"
"80",5,"Enforcement",5,"Negative","Sentiment"
"81",5,"Level",5,"Positive","Sentiment"
"82",5,"Level",5,"Trust","Emotion"
"83",7,"Community",5,"Positive","Sentiment"
"84",9,"Emergency",5,"Fear","Emotion"
"85",9,"Fire",5,"Fear","Emotion"
"86",9,"Emergency",5,"Negative","Sentiment"
"87",9,"Emergency",5,"Sadness","Emotion"
"88",9,"Emergency",5,"Surprise","Emotion"
"89",10,"Bonds",5,"Negative","Sentiment"
"90",10,"Budget",5,"Trust","Emotion"
"91",11,"Government",5,"Fear","Emotion"
"92",11,"Government",5,"Negative","Sentiment"
"93",12,"Vacancy",5,"Negative","Sentiment"
"94",16,"County",5,"Trust","Emotion"
"95",17,"School",5,"Trust","Emotion"
"96",20,"Government",5,"Fear","Emotion"
"97",20,"Government",5,"Negative","Sentiment"
"98",20,"General",5,"Positive","Sentiment"
"99",20,"General",5,"Trust","Emotion"
"100",1,"Real",4,"Positive","Sentiment"
"101",1,"Real",4,"Trust","Emotion"
"102",4,"Government",4,"Fear","Emotion"
"103",4,"Government",4,"Negative","Sentiment"
"104",6,"County",4,"Trust","Emotion"
"105",7,"Public",4,"Anticipation","Emotion"
"106",7,"Public",4,"Positive","Sentiment"
"107",7,"Budget",4,"Trust","Emotion"
"108",9,"Enforcement",4,"Negative","Sentiment"
"109",9,"Law",4,"Trust","Emotion"
"110",11,"Recreation",4,"Anticipation","Emotion"
"111",11,"Recreation",4,"Joy","Emotion"
"112",11,"Recreation",4,"Positive","Sentiment"
"113",12,"School",4,"Trust","Emotion"
"114",13,"Debt",4,"Negative","Sentiment"
"115",13,"Debt",4,"Sadness","Emotion"
"116",14,"Community",4,"Positive","Sentiment"
"117",15,"Public",4,"Anticipation","Emotion"
"118",15,"Enforcement",4,"Negative","Sentiment"
"119",15,"Assistance",4,"Positive","Sentiment"
"120",15,"Public",4,"Positive","Sentiment"
"121",16,"Public",4,"Anticipation","Emotion"
"122",16,"Tax",4,"Negative","Sentiment"
"123",16,"Public",4,"Positive","Sentiment"
"124",16,"Tax",4,"Sadness","Emotion"
"125",18,"Debt",4,"Negative","Sentiment"
"126",18,"Assistance",4,"Positive","Sentiment"
"127",18,"Debt",4,"Sadness","Emotion"
"128",19,"Bailiff",4,"Fear","Emotion"
"129",19,"Bailiff",4,"Negative","Sentiment"
"130",19,"Community",4,"Positive","Sentiment"
"131",19,"Bailiff",4,"Trust","Emotion"
"132",19,"Patrol",4,"Trust","Emotion"
"133",1,"Public",3,"Anticipation","Emotion"
"134",1,"Balance",3,"Positive","Sentiment"
"135",1,"Growth",3,"Positive","Sentiment"
"136",1,"Public",3,"Positive","Sentiment"
"137",1,"Personal",3,"Trust","Emotion"
"138",2,"Lottery",3,"Anticipation","Emotion"
"139",2,"Pay",3,"Anticipation","Emotion"
"140",2,"Result",3,"Anticipation","Emotion"
"141",2,"Pay",3,"Joy","Emotion"
"142",2,"Pay",3,"Positive","Sentiment"
"143",2,"Pay",3,"Trust","Emotion"
"144",3,"Public",3,"Anticipation","Emotion"
"145",3,"Government",3,"Fear","Emotion"
"146",3,"Government",3,"Negative","Sentiment"
"147",3,"Public",3,"Positive","Sentiment"
"148",4,"Commission",3,"Trust","Emotion"
"149",4,"County",3,"Trust","Emotion"
"150",5,"Public",3,"Anticipation","Emotion"
"151",5,"Public",3,"Positive","Sentiment"
"152",5,"Law",3,"Trust","Emotion"
"153",6,"Enforcement",3,"Negative","Sentiment"
"154",6,"Level",3,"Positive","Sentiment"
"155",6,"Account",3,"Trust","Emotion"
"156",6,"Budget",3,"Trust","Emotion"
"157",6,"Level",3,"Trust","Emotion"
"158",7,"General",3,"Positive","Sentiment"
"159",7,"Including",3,"Positive","Sentiment"
"160",7,"Increase",3,"Positive","Sentiment"
"161",7,"General",3,"Trust","Emotion"
"162",8,"Child",3,"Anticipation","Emotion"
"163",8,"Pay",3,"Anticipation","Emotion"
"164",8,"Child",3,"Joy","Emotion"
"165",8,"Pay",3,"Joy","Emotion"
"166",8,"Debt",3,"Negative","Sentiment"
"167",8,"Expenses",3,"Negative","Sentiment"
"168",8,"Assistance",3,"Positive","Sentiment"
"169",8,"Child",3,"Positive","Sentiment"
"170",8,"Increase",3,"Positive","Sentiment"
"171",8,"Pay",3,"Positive","Sentiment"
"172",8,"Debt",3,"Sadness","Emotion"
"173",8,"Pay",3,"Trust","Emotion"
"174",9,"Court",3,"Anger","Emotion"
"175",9,"Court",3,"Anticipation","Emotion"
"176",9,"Medical",3,"Anticipation","Emotion"
"177",9,"Court",3,"Fear","Emotion"
"178",9,"Medical",3,"Fear","Emotion"
"179",9,"Include",3,"Positive","Sentiment"
"180",9,"Increase",3,"Positive","Sentiment"
"181",9,"Medical",3,"Positive","Sentiment"
"182",9,"Budget",3,"Trust","Emotion"
"183",9,"Medical",3,"Trust","Emotion"
"184",10,"County",3,"Trust","Emotion"
"185",11,"Board",3,"Anticipation","Emotion"
"186",11,"Increase",3,"Positive","Sentiment"
"187",11,"Provide",3,"Positive","Sentiment"
"188",11,"Provide",3,"Trust","Emotion"
"189",11,"Related",3,"Trust","Emotion"
"190",12,"Board",3,"Anticipation","Emotion"
"191",12,"Public",3,"Anticipation","Emotion"
"192",12,"Change",3,"Fear","Emotion"
"193",12,"Government",3,"Fear","Emotion"
"194",12,"Government",3,"Negative","Sentiment"
"195",12,"Public",3,"Positive","Sentiment"
"196",12,"County",3,"Trust","Emotion"
"197",13,"Assistance",3,"Positive","Sentiment"
"198",13,"Community",3,"Positive","Sentiment"
"199",14,"County",3,"Trust","Emotion"
"200",15,"Debt",3,"Negative","Sentiment"
"201",15,"General",3,"Positive","Sentiment"
"202",15,"Debt",3,"Sadness","Emotion"
"203",15,"County",3,"Trust","Emotion"
"204",15,"General",3,"Trust","Emotion"
"205",16,"Balance",3,"Positive","Sentiment"
"206",17,"Public",3,"Anticipation","Emotion"
"207",17,"Share",3,"Anticipation","Emotion"
"208",17,"Change",3,"Fear","Emotion"
"209",17,"Share",3,"Joy","Emotion"
"210",17,"Public",3,"Positive","Sentiment"
"211",17,"Share",3,"Positive","Sentiment"
"212",17,"Budget",3,"Trust","Emotion"
"213",17,"Share",3,"Trust","Emotion"
"214",18,"Budget",3,"Trust","Emotion"
"215",18,"School",3,"Trust","Emotion"
"216",19,"Tax",3,"Negative","Sentiment"
"217",19,"Management",3,"Positive","Sentiment"
"218",19,"Tax",3,"Sadness","Emotion"
"219",19,"Management",3,"Trust","Emotion"
"220",20,"Budget",3,"Trust","Emotion"
"221",1,"Result",2,"Anticipation","Emotion"
"222",2,"Expected",2,"Anticipation","Emotion"
"223",2,"Change",2,"Fear","Emotion"
"224",2,"Debt",2,"Negative","Sentiment"
"225",2,"Levy",2,"Negative","Sentiment"
"226",2,"General",2,"Positive","Sentiment"
"227",2,"Debt",2,"Sadness","Emotion"
"228",2,"General",2,"Trust","Emotion"
"229",3,"Expect",2,"Anticipation","Emotion"
"230",3,"Expected",2,"Anticipation","Emotion"
"231",3,"Medical",2,"Anticipation","Emotion"
"232",3,"Emergency",2,"Fear","Emotion"
"233",3,"Medical",2,"Fear","Emotion"
"234",3,"Emergency",2,"Negative","Sentiment"
"235",3,"Expect",2,"Positive","Sentiment"
"236",3,"Growth",2,"Positive","Sentiment"
"237",3,"Increase",2,"Positive","Sentiment"
"238",3,"Medical",2,"Positive","Sentiment"
"239",3,"Relief",2,"Positive","Sentiment"
"240",3,"Emergency",2,"Sadness","Emotion"
"241",3,"Emergency",2,"Surprise","Emotion"
"242",3,"Expect",2,"Surprise","Emotion"
"243",3,"Expect",2,"Trust","Emotion"
"244",3,"Medical",2,"Trust","Emotion"
"245",4,"Money",2,"Anger","Emotion"
"246",4,"Board",2,"Anticipation","Emotion"
"247",4,"Calculation",2,"Anticipation","Emotion"
"248",4,"Money",2,"Anticipation","Emotion"
"249",4,"Money",2,"Joy","Emotion"
"250",4,"Tax",2,"Negative","Sentiment"
"251",4,"Actual",2,"Positive","Sentiment"
"252",4,"Included",2,"Positive","Sentiment"
"253",4,"Money",2,"Positive","Sentiment"
"254",4,"Tax",2,"Sadness","Emotion"
"255",4,"Money",2,"Surprise","Emotion"
"256",4,"Money",2,"Trust","Emotion"
"257",5,"Court",2,"Anger","Emotion"
"258",5,"Child",2,"Anticipation","Emotion"
"259",5,"Court",2,"Anticipation","Emotion"
"260",5,"Planning",2,"Anticipation","Emotion"
"261",5,"Waste",2,"Disgust","Emotion"
"262",5,"Court",2,"Fear","Emotion"
"263",5,"Emergency",2,"Fear","Emotion"
"264",5,"Child",2,"Joy","Emotion"
"265",5,"Emergency",2,"Negative","Sentiment"
"266",5,"Tax",2,"Negative","Sentiment"
"267",5,"Waste",2,"Negative","Sentiment"
"268",5,"Assistance",2,"Positive","Sentiment"
"269",5,"Child",2,"Positive","Sentiment"
"270",5,"Community",2,"Positive","Sentiment"
"271",5,"Information",2,"Positive","Sentiment"
"272",5,"Planning",2,"Positive","Sentiment"
"273",5,"Solid",2,"Positive","Sentiment"
"274",5,"Emergency",2,"Sadness","Emotion"
"275",5,"Tax",2,"Sadness","Emotion"
"276",5,"Emergency",2,"Surprise","Emotion"
"277",5,"County",2,"Trust","Emotion"
"278",5,"Planning",2,"Trust","Emotion"
"279",6,"Court",2,"Anger","Emotion"
"280",6,"Court",2,"Anticipation","Emotion"
"281",6,"Waste",2,"Disgust","Emotion"
"282",6,"Change",2,"Fear","Emotion"
"283",6,"Court",2,"Fear","Emotion"
"284",6,"Emergency",2,"Fear","Emotion"
"285",6,"Emergency",2,"Negative","Sentiment"
"286",6,"Waste",2,"Negative","Sentiment"
"287",6,"Community",2,"Positive","Sentiment"
"288",6,"Increase",2,"Positive","Sentiment"
"289",6,"Information",2,"Positive","Sentiment"
"290",6,"Solid",2,"Positive","Sentiment"
"291",6,"Emergency",2,"Sadness","Emotion"
"292",6,"Emergency",2,"Surprise","Emotion"
"293",6,"Law",2,"Trust","Emotion"
"294",6,"School",2,"Trust","Emotion"
"295",7,"Lottery",2,"Anticipation","Emotion"
"296",7,"Salary",2,"Anticipation","Emotion"
"297",7,"Change",2,"Fear","Emotion"
"298",7,"Salary",2,"Joy","Emotion"
"299",7,"Expenditure",2,"Negative","Sentiment"
"300",7,"Expenses",2,"Negative","Sentiment"
"301",7,"Legal",2,"Positive","Sentiment"
"302",7,"Level",2,"Positive","Sentiment"
"303",7,"Salary",2,"Positive","Sentiment"
"304",7,"Legal",2,"Trust","Emotion"
"305",7,"Level",2,"Trust","Emotion"
"306",7,"Salary",2,"Trust","Emotion"
"307",8,"Abuse",2,"Anger","Emotion"
"308",8,"Share",2,"Anticipation","Emotion"
"309",8,"Abuse",2,"Disgust","Emotion"
"310",8,"Abuse",2,"Fear","Emotion"
"311",8,"Share",2,"Joy","Emotion"
"312",8,"Abuse",2,"Negative","Sentiment"
"313",8,"Appropriation",2,"Negative","Sentiment"
"314",8,"Full",2,"Positive","Sentiment"
"315",8,"Included",2,"Positive","Sentiment"
"316",8,"Provide",2,"Positive","Sentiment"
"317",8,"Share",2,"Positive","Sentiment"
"318",8,"Substance",2,"Positive","Sentiment"
"319",8,"Abuse",2,"Sadness","Emotion"
"320",8,"Provide",2,"Trust","Emotion"
"321",8,"Related",2,"Trust","Emotion"
"322",8,"Share",2,"Trust","Emotion"
"323",9,"Result",2,"Anticipation","Emotion"
"324",9,"Share",2,"Anticipation","Emotion"
"325",9,"Share",2,"Joy","Emotion"
"326",9,"Detention",2,"Negative","Sentiment"
"327",9,"Tax",2,"Negative","Sentiment"
"328",9,"Building",2,"Positive","Sentiment"
"329",9,"Enhance",2,"Positive","Sentiment"
"330",9,"Full",2,"Positive","Sentiment"
"331",9,"General",2,"Positive","Sentiment"
"332",9,"Included",2,"Positive","Sentiment"
"333",9,"Share",2,"Positive","Sentiment"
"334",9,"Detention",2,"Sadness","Emotion"
"335",9,"Tax",2,"Sadness","Emotion"
"336",9,"General",2,"Trust","Emotion"
"337",9,"Share",2,"Trust","Emotion"
"338",10,"Public",2,"Anticipation","Emotion"
"339",10,"Emergency",2,"Fear","Emotion"
"340",10,"Emergency",2,"Negative","Sentiment"
"341",10,"Expenses",2,"Negative","Sentiment"
"342",10,"Building",2,"Positive","Sentiment"
"343",10,"Community",2,"Positive","Sentiment"
"344",10,"General",2,"Positive","Sentiment"
"345",10,"Included",2,"Positive","Sentiment"
"346",10,"Including",2,"Positive","Sentiment"
"347",10,"Management",2,"Positive","Sentiment"
"348",10,"Public",2,"Positive","Sentiment"
"349",10,"Emergency",2,"Sadness","Emotion"
"350",10,"Emergency",2,"Surprise","Emotion"
"351",10,"General",2,"Trust","Emotion"
"352",10,"Maintenance",2,"Trust","Emotion"
"353",10,"Management",2,"Trust","Emotion"
"354",10,"Related",2,"Trust","Emotion"
"355",11,"Attorney",2,"Anger","Emotion"
"356",11,"Council",2,"Anticipation","Emotion"
"357",11,"Attorney",2,"Fear","Emotion"
"358",11,"Resources",2,"Joy","Emotion"
"359",11,"Tax",2,"Negative","Sentiment"
"360",11,"Attorney",2,"Positive","Sentiment"
"361",11,"Council",2,"Positive","Sentiment"
"362",11,"Culture",2,"Positive","Sentiment"
"363",11,"Real",2,"Positive","Sentiment"
"364",11,"Resources",2,"Positive","Sentiment"
"365",11,"Tax",2,"Sadness","Emotion"
"366",11,"Attorney",2,"Trust","Emotion"
"367",11,"Council",2,"Trust","Emotion"
"368",11,"Real",2,"Trust","Emotion"
"369",11,"Resources",2,"Trust","Emotion"
"370",12,"Elimination",2,"Anger","Emotion"
"371",12,"Time",2,"Anticipation","Emotion"
"372",12,"Elimination",2,"Disgust","Emotion"
"373",12,"Elimination",2,"Fear","Emotion"
"374",12,"Bonds",2,"Negative","Sentiment"
"375",12,"Elimination",2,"Negative","Sentiment"
"376",12,"Actual",2,"Positive","Sentiment"
"377",12,"Community",2,"Positive","Sentiment"
"378",12,"Elimination",2,"Sadness","Emotion"
"379",13,"Public",2,"Anticipation","Emotion"
"380",13,"Enforcement",2,"Negative","Sentiment"
"381",13,"Public",2,"Positive","Sentiment"
"382",13,"School",2,"Trust","Emotion"
"383",14,"Conservation",2,"Anticipation","Emotion"
"384",14,"Planning",2,"Anticipation","Emotion"
"385",14,"Public",2,"Anticipation","Emotion"
"386",14,"Recreation",2,"Anticipation","Emotion"
"387",14,"Soil",2,"Disgust","Emotion"
"388",14,"Waste",2,"Disgust","Emotion"
"389",14,"Recreation",2,"Joy","Emotion"
"390",14,"Enforcement",2,"Negative","Sentiment"
"391",14,"Soil",2,"Negative","Sentiment"
"392",14,"Waste",2,"Negative","Sentiment"
"393",14,"Conservation",2,"Positive","Sentiment"
"394",14,"Culture",2,"Positive","Sentiment"
"395",14,"General",2,"Positive","Sentiment"
"396",14,"Planning",2,"Positive","Sentiment"
"397",14,"Public",2,"Positive","Sentiment"
"398",14,"Recreation",2,"Positive","Sentiment"
"399",14,"Solid",2,"Positive","Sentiment"
"400",14,"Conservation",2,"Trust","Emotion"
"401",14,"General",2,"Trust","Emotion"
"402",14,"Planning",2,"Trust","Emotion"
"403",15,"Child",2,"Anticipation","Emotion"
"404",15,"Change",2,"Fear","Emotion"
"405",15,"Child",2,"Joy","Emotion"
"406",15,"Actual",2,"Positive","Sentiment"
"407",15,"Child",2,"Positive","Sentiment"
"408",15,"Law",2,"Trust","Emotion"
"409",16,"Change",2,"Fear","Emotion"
"410",16,"Emergency",2,"Fear","Emotion"
"411",16,"Government",2,"Fear","Emotion"
"412",16,"Emergency",2,"Negative","Sentiment"
"413",16,"Enforcement",2,"Negative","Sentiment"
"414",16,"Government",2,"Negative","Sentiment"
"415",16,"Emergency",2,"Sadness","Emotion"
"416",16,"Emergency",2,"Surprise","Emotion"
"417",16,"Law",2,"Trust","Emotion"
"418",17,"Government",2,"Fear","Emotion"
"419",17,"Resources",2,"Joy","Emotion"
"420",17,"Enforcement",2,"Negative","Sentiment"
"421",17,"Government",2,"Negative","Sentiment"
"422",17,"Assistance",2,"Positive","Sentiment"
"423",17,"Community",2,"Positive","Sentiment"
"424",17,"Resources",2,"Positive","Sentiment"
"425",17,"Resources",2,"Trust","Emotion"
"426",18,"Attorney",2,"Anger","Emotion"
"427",18,"Board",2,"Anticipation","Emotion"
"428",18,"Medical",2,"Anticipation","Emotion"
"429",18,"Public",2,"Anticipation","Emotion"
"430",18,"Attorney",2,"Fear","Emotion"
"431",18,"Change",2,"Fear","Emotion"
"432",18,"Emergency",2,"Fear","Emotion"
"433",18,"Medical",2,"Fear","Emotion"
"434",18,"Resources",2,"Joy","Emotion"
"435",18,"Emergency",2,"Negative","Sentiment"
"436",18,"Enforcement",2,"Negative","Sentiment"
"437",18,"Tax",2,"Negative","Sentiment"
"438",18,"Attorney",2,"Positive","Sentiment"
"439",18,"Cooperative",2,"Positive","Sentiment"
"440",18,"Management",2,"Positive","Sentiment"
"441",18,"Medical",2,"Positive","Sentiment"
"442",18,"Public",2,"Positive","Sentiment"
"443",18,"Resources",2,"Positive","Sentiment"
"444",18,"Emergency",2,"Sadness","Emotion"
"445",18,"Tax",2,"Sadness","Emotion"
"446",18,"Emergency",2,"Surprise","Emotion"
"447",18,"Attorney",2,"Trust","Emotion"
"448",18,"Cooperative",2,"Trust","Emotion"
"449",18,"Inform",2,"Trust","Emotion"
"450",18,"Management",2,"Trust","Emotion"
"451",18,"Medical",2,"Trust","Emotion"
"452",18,"Resources",2,"Trust","Emotion"
"453",18,"System",2,"Trust","Emotion"
"454",19,"Effective",2,"Positive","Sentiment"
"455",19,"General",2,"Positive","Sentiment"
"456",19,"Effective",2,"Trust","Emotion"
"457",19,"General",2,"Trust","Emotion"
"458",19,"Specialist",2,"Trust","Emotion"
"459",20,"Board",2,"Anticipation","Emotion"
"460",20,"Management",2,"Positive","Sentiment"
"461",20,"Provide",2,"Positive","Sentiment"
"462",20,"Management",2,"Trust","Emotion"
"463",20,"Provide",2,"Trust","Emotion"
"464",1,"Board",1,"Anticipation","Emotion"
"465",1,"Expect",1,"Anticipation","Emotion"
"466",1,"Expected",1,"Anticipation","Emotion"
"467",1,"Finally",1,"Anticipation","Emotion"
"468",1,"Time",1,"Anticipation","Emotion"
"469",1,"Finally",1,"Disgust","Emotion"
"470",1,"Change",1,"Fear","Emotion"
"471",1,"Finally",1,"Joy","Emotion"
"472",1,"Debt",1,"Negative","Sentiment"
"473",1,"Excluding",1,"Negative","Sentiment"
"474",1,"Fall",1,"Negative","Sentiment"
"475",1,"Levy",1,"Negative","Sentiment"
"476",1,"Actual",1,"Positive","Sentiment"
"477",1,"Discretionary",1,"Positive","Sentiment"
"478",1,"Expect",1,"Positive","Sentiment"
"479",1,"Experienced",1,"Positive","Sentiment"
"480",1,"Finally",1,"Positive","Sentiment"
"481",1,"Including",1,"Positive","Sentiment"
"482",1,"Land",1,"Positive","Sentiment"
"483",1,"Received",1,"Positive","Sentiment"
"484",1,"Relief",1,"Positive","Sentiment"
"485",1,"Debt",1,"Sadness","Emotion"
"486",1,"Excluding",1,"Sadness","Emotion"
"487",1,"Fall",1,"Sadness","Emotion"
"488",1,"Expect",1,"Surprise","Emotion"
"489",1,"Finally",1,"Surprise","Emotion"
"490",1,"Account",1,"Trust","Emotion"
"491",1,"Chart",1,"Trust","Emotion"
"492",1,"Expect",1,"Trust","Emotion"
"493",1,"Experienced",1,"Trust","Emotion"
"494",1,"Finally",1,"Trust","Emotion"
"495",1,"Show",1,"Trust","Emotion"
"496",2,"Offset",1,"Anticipation","Emotion"
"497",2,"Government",1,"Fear","Emotion"
"498",2,"Guard",1,"Fear","Emotion"
"499",2,"Established",1,"Joy","Emotion"
"500",2,"Decline",1,"Negative","Sentiment"
"501",2,"Government",1,"Negative","Sentiment"
"502",2,"Lower",1,"Negative","Sentiment"
"503",2,"Margin",1,"Negative","Sentiment"
"504",2,"Small",1,"Negative","Sentiment"
"505",2,"Actual",1,"Positive","Sentiment"
"506",2,"Assembly",1,"Positive","Sentiment"
"507",2,"Eligible",1,"Positive","Sentiment"
"508",2,"Established",1,"Positive","Sentiment"
"509",2,"Guard",1,"Positive","Sentiment"
"510",2,"Included",1,"Positive","Sentiment"
"511",2,"Including",1,"Positive","Sentiment"
"512",2,"Level",1,"Positive","Sentiment"
"513",2,"Maximum",1,"Positive","Sentiment"
"514",2,"Offset",1,"Positive","Sentiment"
"515",2,"Option",1,"Positive","Sentiment"
"516",2,"Real",1,"Positive","Sentiment"
"517",2,"Received",1,"Positive","Sentiment"
"518",2,"Relief",1,"Positive","Sentiment"
"519",2,"Responsible",1,"Positive","Sentiment"
"520",2,"Strength",1,"Positive","Sentiment"
"521",2,"Lower",1,"Sadness","Emotion"
"522",2,"Margin",1,"Sadness","Emotion"
"523",2,"Assembly",1,"Trust","Emotion"
"524",2,"Fact",1,"Trust","Emotion"
"525",2,"Guard",1,"Trust","Emotion"
"526",2,"Level",1,"Trust","Emotion"
"527",2,"Personal",1,"Trust","Emotion"
"528",2,"Real",1,"Trust","Emotion"
"529",2,"Related",1,"Trust","Emotion"
"530",2,"Responsible",1,"Trust","Emotion"
"531",2,"School",1,"Trust","Emotion"
"532",2,"Strength",1,"Trust","Emotion"
"533",3,"Court",1,"Anger","Emotion"
"534",3,"Fee",1,"Anger","Emotion"
"535",3,"Court",1,"Anticipation","Emotion"
"536",3,"Lottery",1,"Anticipation","Emotion"
"537",3,"Marriage",1,"Anticipation","Emotion"
"538",3,"Pay",1,"Anticipation","Emotion"
"539",3,"Planning",1,"Anticipation","Emotion"
"540",3,"Prepared",1,"Anticipation","Emotion"
"541",3,"Result",1,"Anticipation","Emotion"
"542",3,"Rising",1,"Anticipation","Emotion"
"543",3,"Share",1,"Anticipation","Emotion"
"544",3,"Time",1,"Anticipation","Emotion"
"545",3,"Ambulance",1,"Fear","Emotion"
"546",3,"Change",1,"Fear","Emotion"
"547",3,"Court",1,"Fear","Emotion"
"548",3,"Fire",1,"Fear","Emotion"
"549",3,"Food",1,"Joy","Emotion"
"550",3,"Marriage",1,"Joy","Emotion"
"551",3,"Pay",1,"Joy","Emotion"
"552",3,"Rising",1,"Joy","Emotion"
"553",3,"Share",1,"Joy","Emotion"
"554",3,"Contracted",1,"Negative","Sentiment"
"555",3,"Decline",1,"Negative","Sentiment"
"556",3,"Fee",1,"Negative","Sentiment"
"557",3,"Levy",1,"Negative","Sentiment"
"558",3,"Actual",1,"Positive","Sentiment"
"559",3,"Assembly",1,"Positive","Sentiment"
"560",3,"Balance",1,"Positive","Sentiment"
"561",3,"Community",1,"Positive","Sentiment"
"562",3,"Determined",1,"Positive","Sentiment"
"563",3,"Discretionary",1,"Positive","Sentiment"
"564",3,"Exchange",1,"Positive","Sentiment"
"565",3,"Food",1,"Positive","Sentiment"
"566",3,"General",1,"Positive","Sentiment"
"567",3,"Including",1,"Positive","Sentiment"
"568",3,"Marriage",1,"Positive","Sentiment"
"569",3,"Option",1,"Positive","Sentiment"
"570",3,"Pay",1,"Positive","Sentiment"
"571",3,"Planning",1,"Positive","Sentiment"
"572",3,"Population",1,"Positive","Sentiment"
"573",3,"Prepared",1,"Positive","Sentiment"
"574",3,"Primary",1,"Positive","Sentiment"
"575",3,"Protect",1,"Positive","Sentiment"
"576",3,"Reason",1,"Positive","Sentiment"
"577",3,"Received",1,"Positive","Sentiment"
"578",3,"Represented",1,"Positive","Sentiment"
"579",3,"Rising",1,"Positive","Sentiment"
"580",3,"Share",1,"Positive","Sentiment"
"581",3,"Shelter",1,"Positive","Sentiment"
"582",3,"Strength",1,"Positive","Sentiment"
"583",3,"Ambulance",1,"Trust","Emotion"
"584",3,"Assembly",1,"Trust","Emotion"
"585",3,"Economy",1,"Trust","Emotion"
"586",3,"Exchange",1,"Trust","Emotion"
"587",3,"Food",1,"Trust","Emotion"
"588",3,"General",1,"Trust","Emotion"
"589",3,"Marriage",1,"Trust","Emotion"
"590",3,"Pay",1,"Trust","Emotion"
"591",3,"Planning",1,"Trust","Emotion"
"592",3,"Prepared",1,"Trust","Emotion"
"593",3,"Retain",1,"Trust","Emotion"
"594",3,"Share",1,"Trust","Emotion"
"595",3,"Shelter",1,"Trust","Emotion"
"596",3,"Strength",1,"Trust","Emotion"
"597",4,"Cash",1,"Anger","Emotion"
"598",4,"Cash",1,"Anticipation","Emotion"
"599",4,"Exceed",1,"Anticipation","Emotion"
"600",4,"Expected",1,"Anticipation","Emotion"
"601",4,"Finally",1,"Anticipation","Emotion"
"602",4,"Offset",1,"Anticipation","Emotion"
"603",4,"Pay",1,"Anticipation","Emotion"
"604",4,"Time",1,"Anticipation","Emotion"
"605",4,"Unexpected",1,"Anticipation","Emotion"
"606",4,"Finally",1,"Disgust","Emotion"
"607",4,"Remains",1,"Disgust","Emotion"
"608",4,"Cash",1,"Fear","Emotion"
"609",4,"Change",1,"Fear","Emotion"
"610",4,"Remains",1,"Fear","Emotion"
"611",4,"Unexpected",1,"Fear","Emotion"
"612",4,"Cash",1,"Joy","Emotion"
"613",4,"Exceed",1,"Joy","Emotion"
"614",4,"Finally",1,"Joy","Emotion"
"615",4,"Pay",1,"Joy","Emotion"
"616",4,"Unexpected",1,"Joy","Emotion"
"617",4,"Enforcement",1,"Negative","Sentiment"
"618",4,"Late",1,"Negative","Sentiment"
"619",4,"Lower",1,"Negative","Sentiment"
"620",4,"Margin",1,"Negative","Sentiment"
"621",4,"Minimum",1,"Negative","Sentiment"
"622",4,"Payment",1,"Negative","Sentiment"
"623",4,"Remains",1,"Negative","Sentiment"
"624",4,"Unexpected",1,"Negative","Sentiment"
"625",4,"Building",1,"Positive","Sentiment"
"626",4,"Cash",1,"Positive","Sentiment"
"627",4,"Community",1,"Positive","Sentiment"
"628",4,"Exceed",1,"Positive","Sentiment"
"629",4,"Finally",1,"Positive","Sentiment"
"630",4,"Greater",1,"Positive","Sentiment"
"631",4,"Important",1,"Positive","Sentiment"
"632",4,"Including",1,"Positive","Sentiment"
"633",4,"Interest",1,"Positive","Sentiment"
"634",4,"Offset",1,"Positive","Sentiment"
"635",4,"Pay",1,"Positive","Sentiment"
"636",4,"Remains",1,"Positive","Sentiment"
"637",4,"Unexpected",1,"Positive","Sentiment"
"638",4,"Late",1,"Sadness","Emotion"
"639",4,"Lower",1,"Sadness","Emotion"
"640",4,"Margin",1,"Sadness","Emotion"
"641",4,"Cable",1,"Surprise","Emotion"
"642",4,"Finally",1,"Surprise","Emotion"
"643",4,"Unexpected",1,"Surprise","Emotion"
"644",4,"Cash",1,"Trust","Emotion"
"645",4,"Chart",1,"Trust","Emotion"
"646",4,"Finally",1,"Trust","Emotion"
"647",4,"Important",1,"Trust","Emotion"
"648",4,"Law",1,"Trust","Emotion"
"649",4,"Pay",1,"Trust","Emotion"
"650",4,"Remains",1,"Trust","Emotion"
"651",5,"Conservation",1,"Anticipation","Emotion"
"652",5,"Medical",1,"Anticipation","Emotion"
"653",5,"Recreation",1,"Anticipation","Emotion"
"654",5,"Soil",1,"Disgust","Emotion"
"655",5,"Change",1,"Fear","Emotion"
"656",5,"Medical",1,"Fear","Emotion"
"657",5,"Recreation",1,"Joy","Emotion"
"658",5,"Debt",1,"Negative","Sentiment"
"659",5,"Expenditure",1,"Negative","Sentiment"
"660",5,"Needy",1,"Negative","Sentiment"
"661",5,"Soil",1,"Negative","Sentiment"
"662",5,"Actual",1,"Positive","Sentiment"
"663",5,"Balance",1,"Positive","Sentiment"
"664",5,"Conservation",1,"Positive","Sentiment"
"665",5,"Cooperative",1,"Positive","Sentiment"
"666",5,"Culture",1,"Positive","Sentiment"
"667",5,"Medical",1,"Positive","Sentiment"
"668",5,"Noted",1,"Positive","Sentiment"
"669",5,"Recreation",1,"Positive","Sentiment"
"670",5,"Veteran",1,"Positive","Sentiment"
"671",5,"Debt",1,"Sadness","Emotion"
"672",5,"Conservation",1,"Trust","Emotion"
"673",5,"Cooperative",1,"Trust","Emotion"
"674",5,"Inform",1,"Trust","Emotion"
"675",5,"Medical",1,"Trust","Emotion"
"676",5,"System",1,"Trust","Emotion"
"677",5,"Veteran",1,"Trust","Emotion"
"678",6,"Attorney",1,"Anger","Emotion"
"679",6,"Child",1,"Anticipation","Emotion"
"680",6,"Conservation",1,"Anticipation","Emotion"
"681",6,"Expected",1,"Anticipation","Emotion"
"682",6,"Medical",1,"Anticipation","Emotion"
"683",6,"Planning",1,"Anticipation","Emotion"
"684",6,"Recreation",1,"Anticipation","Emotion"
"685",6,"Soil",1,"Disgust","Emotion"
"686",6,"Attorney",1,"Fear","Emotion"
"687",6,"Jail",1,"Fear","Emotion"
"688",6,"Medical",1,"Fear","Emotion"
"689",6,"Operation",1,"Fear","Emotion"
"690",6,"Child",1,"Joy","Emotion"
"691",6,"Recreation",1,"Joy","Emotion"
"692",6,"Resources",1,"Joy","Emotion"
"693",6,"Bonds",1,"Negative","Sentiment"
"694",6,"Expenditure",1,"Negative","Sentiment"
"695",6,"Expenses",1,"Negative","Sentiment"
"696",6,"Jail",1,"Negative","Sentiment"
"697",6,"Soil",1,"Negative","Sentiment"
"698",6,"Tax",1,"Negative","Sentiment"
"699",6,"Actual",1,"Positive","Sentiment"
"700",6,"Attorney",1,"Positive","Sentiment"
"701",6,"Balance",1,"Positive","Sentiment"
"702",6,"Child",1,"Positive","Sentiment"
"703",6,"Conservation",1,"Positive","Sentiment"
"704",6,"Cooperative",1,"Positive","Sentiment"
"705",6,"Culture",1,"Positive","Sentiment"
"706",6,"Fleet",1,"Positive","Sentiment"
"707",6,"Include",1,"Positive","Sentiment"
"708",6,"Medical",1,"Positive","Sentiment"
"709",6,"Planning",1,"Positive","Sentiment"
"710",6,"Recreation",1,"Positive","Sentiment"
"711",6,"Resources",1,"Positive","Sentiment"
"712",6,"Jail",1,"Sadness","Emotion"
"713",6,"Tax",1,"Sadness","Emotion"
"714",6,"Attorney",1,"Trust","Emotion"
"715",6,"Conservation",1,"Trust","Emotion"
"716",6,"Cooperative",1,"Trust","Emotion"
"717",6,"Medical",1,"Trust","Emotion"
"718",6,"Operation",1,"Trust","Emotion"
"719",6,"Patrol",1,"Trust","Emotion"
"720",6,"Planning",1,"Trust","Emotion"
"721",6,"Resources",1,"Trust","Emotion"
"722",7,"Representing",1,"Anticipation","Emotion"
"723",7,"Share",1,"Anticipation","Emotion"
"724",7,"Sewerage",1,"Disgust","Emotion"
"725",7,"Government",1,"Fear","Emotion"
"726",7,"Encourage",1,"Joy","Emotion"
"727",7,"Share",1,"Joy","Emotion"
"728",7,"Bonds",1,"Negative","Sentiment"
"729",7,"Government",1,"Negative","Sentiment"
"730",7,"Sewerage",1,"Negative","Sentiment"
"731",7,"Building",1,"Positive","Sentiment"
"732",7,"Encourage",1,"Positive","Sentiment"
"733",7,"Included",1,"Positive","Sentiment"
"734",7,"Land",1,"Positive","Sentiment"
"735",7,"Share",1,"Positive","Sentiment"
"736",7,"Supplies",1,"Positive","Sentiment"
"737",7,"Supply",1,"Positive","Sentiment"
"738",7,"Encourage",1,"Trust","Emotion"
"739",7,"Share",1,"Trust","Emotion"
"740",8,"Disease",1,"Anger","Emotion"
"741",8,"Attempt",1,"Anticipation","Emotion"
"742",8,"Board",1,"Anticipation","Emotion"
"743",8,"Grant",1,"Anticipation","Emotion"
"744",8,"Preparedness",1,"Anticipation","Emotion"
"745",8,"Salary",1,"Anticipation","Emotion"
"746",8,"Disease",1,"Disgust","Emotion"
"747",8,"Change",1,"Fear","Emotion"
"748",8,"Disease",1,"Fear","Emotion"
"749",8,"Jail",1,"Fear","Emotion"
"750",8,"Prevent",1,"Fear","Emotion"
"751",8,"Grant",1,"Joy","Emotion"
"752",8,"Salary",1,"Joy","Emotion"
"753",8,"Special",1,"Joy","Emotion"
"754",8,"Bonds",1,"Negative","Sentiment"
"755",8,"Disease",1,"Negative","Sentiment"
"756",8,"Enforcement",1,"Negative","Sentiment"
"757",8,"Expenditure",1,"Negative","Sentiment"
"758",8,"Jail",1,"Negative","Sentiment"
"759",8,"Unable",1,"Negative","Sentiment"
"760",8,"Aid",1,"Positive","Sentiment"
"761",8,"Center",1,"Positive","Sentiment"
"762",8,"Enhance",1,"Positive","Sentiment"
"763",8,"Fleet",1,"Positive","Sentiment"
"764",8,"General",1,"Positive","Sentiment"
"765",8,"Grant",1,"Positive","Sentiment"
"766",8,"Growth",1,"Positive","Sentiment"
"767",8,"Include",1,"Positive","Sentiment"
"768",8,"Including",1,"Positive","Sentiment"
"769",8,"Ownership",1,"Positive","Sentiment"
"770",8,"Population",1,"Positive","Sentiment"
"771",8,"Protect",1,"Positive","Sentiment"
"772",8,"Salary",1,"Positive","Sentiment"
"773",8,"Special",1,"Positive","Sentiment"
"774",8,"Supplies",1,"Positive","Sentiment"
"775",8,"Disease",1,"Sadness","Emotion"
"776",8,"Jail",1,"Sadness","Emotion"
"777",8,"Unable",1,"Sadness","Emotion"
"778",8,"Accounts",1,"Trust","Emotion"
"779",8,"Center",1,"Trust","Emotion"
"780",8,"General",1,"Trust","Emotion"
"781",8,"Grant",1,"Trust","Emotion"
"782",8,"Maintenance",1,"Trust","Emotion"
"783",8,"Salary",1,"Trust","Emotion"
"784",9,"Board",1,"Anticipation","Emotion"
"785",9,"Calls",1,"Anticipation","Emotion"
"786",9,"Climax",1,"Anticipation","Emotion"
"787",9,"Daily",1,"Anticipation","Emotion"
"788",9,"Enjoy",1,"Anticipation","Emotion"
"789",9,"Improve",1,"Anticipation","Emotion"
"790",9,"Long",1,"Anticipation","Emotion"
"791",9,"Time",1,"Anticipation","Emotion"
"792",9,"Change",1,"Fear","Emotion"
"793",9,"Climax",1,"Joy","Emotion"
"794",9,"Enjoy",1,"Joy","Emotion"
"795",9,"Established",1,"Joy","Emotion"
"796",9,"Food",1,"Joy","Emotion"
"797",9,"Improve",1,"Joy","Emotion"
"798",9,"Special",1,"Joy","Emotion"
"799",9,"Calls",1,"Negative","Sentiment"
"800",9,"Decrease",1,"Negative","Sentiment"
"801",9,"Expenditure",1,"Negative","Sentiment"
"802",9,"Rabies",1,"Negative","Sentiment"
"803",9,"Assembly",1,"Positive","Sentiment"
"804",9,"Assets",1,"Positive","Sentiment"
"805",9,"Assistance",1,"Positive","Sentiment"
"806",9,"Climax",1,"Positive","Sentiment"
"807",9,"Community",1,"Positive","Sentiment"
"808",9,"Efficiency",1,"Positive","Sentiment"
"809",9,"Enjoy",1,"Positive","Sentiment"
"810",9,"Established",1,"Positive","Sentiment"
"811",9,"Food",1,"Positive","Sentiment"
"812",9,"Fully",1,"Positive","Sentiment"
"813",9,"Improve",1,"Positive","Sentiment"
"814",9,"Organized",1,"Positive","Sentiment"
"815",9,"Protect",1,"Positive","Sentiment"
"816",9,"Provide",1,"Positive","Sentiment"
"817",9,"Relief",1,"Positive","Sentiment"
"818",9,"Shelter",1,"Positive","Sentiment"
"819",9,"Special",1,"Positive","Sentiment"
"820",9,"Supplies",1,"Positive","Sentiment"
"821",9,"Supply",1,"Positive","Sentiment"
"822",9,"Climax",1,"Surprise","Emotion"
"823",9,"Assembly",1,"Trust","Emotion"
"824",9,"Calls",1,"Trust","Emotion"
"825",9,"Climax",1,"Trust","Emotion"
"826",9,"Enjoy",1,"Trust","Emotion"
"827",9,"Food",1,"Trust","Emotion"
"828",9,"Fully",1,"Trust","Emotion"
"829",9,"Improve",1,"Trust","Emotion"
"830",9,"Maintenance",1,"Trust","Emotion"
"831",9,"Patrol",1,"Trust","Emotion"
"832",9,"Provide",1,"Trust","Emotion"
"833",9,"Shelter",1,"Trust","Emotion"
"834",10,"Attorney",1,"Anger","Emotion"
"835",10,"Board",1,"Anticipation","Emotion"
"836",10,"Pay",1,"Anticipation","Emotion"
"837",10,"Sewer",1,"Disgust","Emotion"
"838",10,"Attorney",1,"Fear","Emotion"
"839",10,"Change",1,"Fear","Emotion"
"840",10,"Government",1,"Fear","Emotion"
"841",10,"Jail",1,"Fear","Emotion"
"842",10,"Pay",1,"Joy","Emotion"
"843",10,"Resources",1,"Joy","Emotion"
"844",10,"Enforcement",1,"Negative","Sentiment"
"845",10,"Government",1,"Negative","Sentiment"
"846",10,"Jail",1,"Negative","Sentiment"
"847",10,"Lower",1,"Negative","Sentiment"
"848",10,"Tax",1,"Negative","Sentiment"
"849",10,"Attorney",1,"Positive","Sentiment"
"850",10,"Contact",1,"Positive","Sentiment"
"851",10,"Fleet",1,"Positive","Sentiment"
"852",10,"Increase",1,"Positive","Sentiment"
"853",10,"Information",1,"Positive","Sentiment"
"854",10,"Pay",1,"Positive","Sentiment"
"855",10,"Provide",1,"Positive","Sentiment"
"856",10,"Resources",1,"Positive","Sentiment"
"857",10,"Technology",1,"Positive","Sentiment"
"858",10,"Jail",1,"Sadness","Emotion"
"859",10,"Lower",1,"Sadness","Emotion"
"860",10,"Tax",1,"Sadness","Emotion"
"861",10,"Administrative",1,"Trust","Emotion"
"862",10,"Attorney",1,"Trust","Emotion"
"863",10,"Base",1,"Trust","Emotion"
"864",10,"Chart",1,"Trust","Emotion"
"865",10,"Law",1,"Trust","Emotion"
"866",10,"Pay",1,"Trust","Emotion"
"867",10,"Provide",1,"Trust","Emotion"
"868",10,"Resources",1,"Trust","Emotion"
"869",11,"Anticipation",1,"Anticipation","Emotion"
"870",11,"Child",1,"Anticipation","Emotion"
"871",11,"Expected",1,"Anticipation","Emotion"
"872",11,"Festival",1,"Anticipation","Emotion"
"873",11,"Finally",1,"Anticipation","Emotion"
"874",11,"Hire",1,"Anticipation","Emotion"
"875",11,"Planning",1,"Anticipation","Emotion"
"876",11,"Providing",1,"Anticipation","Emotion"
"877",11,"Finally",1,"Disgust","Emotion"
"878",11,"Soil",1,"Disgust","Emotion"
"879",11,"Waste",1,"Disgust","Emotion"
"880",11,"Change",1,"Fear","Emotion"
"881",11,"Child",1,"Joy","Emotion"
"882",11,"Encourage",1,"Joy","Emotion"
"883",11,"Festival",1,"Joy","Emotion"
"884",11,"Finally",1,"Joy","Emotion"
"885",11,"Hire",1,"Joy","Emotion"
"886",11,"Providing",1,"Joy","Emotion"
"887",11,"Decrease",1,"Negative","Sentiment"
"888",11,"Lower",1,"Negative","Sentiment"
"889",11,"Soil",1,"Negative","Sentiment"
"890",11,"Waste",1,"Negative","Sentiment"
"891",11,"Acceptance",1,"Positive","Sentiment"
"892",11,"Child",1,"Positive","Sentiment"
"893",11,"Cooperative",1,"Positive","Sentiment"
"894",11,"Effective",1,"Positive","Sentiment"
"895",11,"Encourage",1,"Positive","Sentiment"
"896",11,"Festival",1,"Positive","Sentiment"
"897",11,"Finally",1,"Positive","Sentiment"
"898",11,"Greater",1,"Positive","Sentiment"
"899",11,"Growth",1,"Positive","Sentiment"
"900",11,"Hire",1,"Positive","Sentiment"
"901",11,"Included",1,"Positive","Sentiment"
"902",11,"Job",1,"Positive","Sentiment"
"903",11,"Legal",1,"Positive","Sentiment"
"904",11,"Library",1,"Positive","Sentiment"
"905",11,"Management",1,"Positive","Sentiment"
"906",11,"Orderly",1,"Positive","Sentiment"
"907",11,"Planning",1,"Positive","Sentiment"
"908",11,"Protect",1,"Positive","Sentiment"
"909",11,"Providing",1,"Positive","Sentiment"
"910",11,"Solid",1,"Positive","Sentiment"
"911",11,"Lower",1,"Sadness","Emotion"
"912",11,"Assessment",1,"Surprise","Emotion"
"913",11,"Festival",1,"Surprise","Emotion"
"914",11,"Finally",1,"Surprise","Emotion"
"915",11,"Assessment",1,"Trust","Emotion"
"916",11,"Cooperative",1,"Trust","Emotion"
"917",11,"Effective",1,"Trust","Emotion"
"918",11,"Encourage",1,"Trust","Emotion"
"919",11,"Finally",1,"Trust","Emotion"
"920",11,"Hire",1,"Trust","Emotion"
"921",11,"Legal",1,"Trust","Emotion"
"922",11,"Management",1,"Trust","Emotion"
"923",11,"Planning",1,"Trust","Emotion"
"924",11,"Policy",1,"Trust","Emotion"
"925",11,"Providing",1,"Trust","Emotion"
"926",12,"Attorney",1,"Anger","Emotion"
"927",12,"Court",1,"Anger","Emotion"
"928",12,"Court",1,"Anticipation","Emotion"
"929",12,"Expected",1,"Anticipation","Emotion"
"930",12,"Planning",1,"Anticipation","Emotion"
"931",12,"Recreation",1,"Anticipation","Emotion"
"932",12,"Result",1,"Anticipation","Emotion"
"933",12,"Excluded",1,"Disgust","Emotion"
"934",12,"Waste",1,"Disgust","Emotion"
"935",12,"Attorney",1,"Fear","Emotion"
"936",12,"Court",1,"Fear","Emotion"
"937",12,"Emergency",1,"Fear","Emotion"
"938",12,"Recreation",1,"Joy","Emotion"
"939",12,"Resources",1,"Joy","Emotion"
"940",12,"Emergency",1,"Negative","Sentiment"
"941",12,"Enforcement",1,"Negative","Sentiment"
"942",12,"Excluded",1,"Negative","Sentiment"
"943",12,"Expenditure",1,"Negative","Sentiment"
"944",12,"Expenses",1,"Negative","Sentiment"
"945",12,"Waste",1,"Negative","Sentiment"
"946",12,"Assistance",1,"Positive","Sentiment"
"947",12,"Attorney",1,"Positive","Sentiment"
"948",12,"Balance",1,"Positive","Sentiment"
"949",12,"Culture",1,"Positive","Sentiment"
"950",12,"Experienced",1,"Positive","Sentiment"
"951",12,"Full",1,"Positive","Sentiment"
"952",12,"Including",1,"Positive","Sentiment"
"953",12,"Management",1,"Positive","Sentiment"
"954",12,"Planning",1,"Positive","Sentiment"
"955",12,"Recreation",1,"Positive","Sentiment"
"956",12,"Resources",1,"Positive","Sentiment"
"957",12,"Solid",1,"Positive","Sentiment"
"958",12,"Emergency",1,"Sadness","Emotion"
"959",12,"Excluded",1,"Sadness","Emotion"
"960",12,"Emergency",1,"Surprise","Emotion"
"961",12,"Account",1,"Trust","Emotion"
"962",12,"Attorney",1,"Trust","Emotion"
"963",12,"Experienced",1,"Trust","Emotion"
"964",12,"Law",1,"Trust","Emotion"
"965",12,"Management",1,"Trust","Emotion"
"966",12,"Planning",1,"Trust","Emotion"
"967",12,"Resources",1,"Trust","Emotion"
"968",13,"Court",1,"Anger","Emotion"
"969",13,"Child",1,"Anticipation","Emotion"
"970",13,"Conservation",1,"Anticipation","Emotion"
"971",13,"Court",1,"Anticipation","Emotion"
"972",13,"Medical",1,"Anticipation","Emotion"
"973",13,"Planning",1,"Anticipation","Emotion"
"974",13,"Recreation",1,"Anticipation","Emotion"
"975",13,"Soil",1,"Disgust","Emotion"
"976",13,"Waste",1,"Disgust","Emotion"
"977",13,"Change",1,"Fear","Emotion"
"978",13,"Court",1,"Fear","Emotion"
"979",13,"Emergency",1,"Fear","Emotion"
"980",13,"Medical",1,"Fear","Emotion"
"981",13,"Operation",1,"Fear","Emotion"
"982",13,"Child",1,"Joy","Emotion"
"983",13,"Recreation",1,"Joy","Emotion"
"984",13,"Special",1,"Joy","Emotion"
"985",13,"Emergency",1,"Negative","Sentiment"
"986",13,"Needy",1,"Negative","Sentiment"
"987",13,"Soil",1,"Negative","Sentiment"
"988",13,"Tax",1,"Negative","Sentiment"
"989",13,"Waste",1,"Negative","Sentiment"
"990",13,"Actual",1,"Positive","Sentiment"
"991",13,"Child",1,"Positive","Sentiment"
"992",13,"Conservation",1,"Positive","Sentiment"
"993",13,"Cooperative",1,"Positive","Sentiment"
"994",13,"Culture",1,"Positive","Sentiment"
"995",13,"Fleet",1,"Positive","Sentiment"
"996",13,"General",1,"Positive","Sentiment"
"997",13,"Information",1,"Positive","Sentiment"
"998",13,"Medical",1,"Positive","Sentiment"
"999",13,"Planning",1,"Positive","Sentiment"
"1000",13,"Recreation",1,"Positive","Sentiment"
"1001",13,"Solid",1,"Positive","Sentiment"
"1002",13,"Special",1,"Positive","Sentiment"
"1003",13,"Veteran",1,"Positive","Sentiment"
"1004",13,"Emergency",1,"Sadness","Emotion"
"1005",13,"Tax",1,"Sadness","Emotion"
"1006",13,"Emergency",1,"Surprise","Emotion"
"1007",13,"Conservation",1,"Trust","Emotion"
"1008",13,"Cooperative",1,"Trust","Emotion"
"1009",13,"County",1,"Trust","Emotion"
"1010",13,"General",1,"Trust","Emotion"
"1011",13,"Inform",1,"Trust","Emotion"
"1012",13,"Law",1,"Trust","Emotion"
"1013",13,"Medical",1,"Trust","Emotion"
"1014",13,"Operation",1,"Trust","Emotion"
"1015",13,"Planning",1,"Trust","Emotion"
"1016",13,"System",1,"Trust","Emotion"
"1017",13,"Veteran",1,"Trust","Emotion"
"1018",14,"Attorney",1,"Anger","Emotion"
"1019",14,"Court",1,"Anger","Emotion"
"1020",14,"Board",1,"Anticipation","Emotion"
"1021",14,"Child",1,"Anticipation","Emotion"
"1022",14,"Court",1,"Anticipation","Emotion"
"1023",14,"Attorney",1,"Fear","Emotion"
"1024",14,"Change",1,"Fear","Emotion"
"1025",14,"Court",1,"Fear","Emotion"
"1026",14,"Emergency",1,"Fear","Emotion"
"1027",14,"Government",1,"Fear","Emotion"
"1028",14,"Operation",1,"Fear","Emotion"
"1029",14,"Child",1,"Joy","Emotion"
"1030",14,"Resources",1,"Joy","Emotion"
"1031",14,"Debt",1,"Negative","Sentiment"
"1032",14,"Emergency",1,"Negative","Sentiment"
"1033",14,"Expenditure",1,"Negative","Sentiment"
"1034",14,"Expenses",1,"Negative","Sentiment"
"1035",14,"Government",1,"Negative","Sentiment"
"1036",14,"Tax",1,"Negative","Sentiment"
"1037",14,"Vacancy",1,"Negative","Sentiment"
"1038",14,"Actual",1,"Positive","Sentiment"
"1039",14,"Assistance",1,"Positive","Sentiment"
"1040",14,"Attorney",1,"Positive","Sentiment"
"1041",14,"Child",1,"Positive","Sentiment"
"1042",14,"Cooperative",1,"Positive","Sentiment"
"1043",14,"Fleet",1,"Positive","Sentiment"
"1044",14,"Information",1,"Positive","Sentiment"
"1045",14,"Management",1,"Positive","Sentiment"
"1046",14,"Resources",1,"Positive","Sentiment"
"1047",14,"Savings",1,"Positive","Sentiment"
"1048",14,"Veteran",1,"Positive","Sentiment"
"1049",14,"Debt",1,"Sadness","Emotion"
"1050",14,"Emergency",1,"Sadness","Emotion"
"1051",14,"Tax",1,"Sadness","Emotion"
"1052",14,"Emergency",1,"Surprise","Emotion"
"1053",14,"Attorney",1,"Trust","Emotion"
"1054",14,"Budget",1,"Trust","Emotion"
"1055",14,"Cooperative",1,"Trust","Emotion"
"1056",14,"Inform",1,"Trust","Emotion"
"1057",14,"Law",1,"Trust","Emotion"
"1058",14,"Management",1,"Trust","Emotion"
"1059",14,"Operation",1,"Trust","Emotion"
"1060",14,"Resources",1,"Trust","Emotion"
"1061",14,"System",1,"Trust","Emotion"
"1062",14,"Veteran",1,"Trust","Emotion"
"1063",15,"Attorney",1,"Anger","Emotion"
"1064",15,"Court",1,"Anger","Emotion"
"1065",15,"Board",1,"Anticipation","Emotion"
"1066",15,"Court",1,"Anticipation","Emotion"
"1067",15,"Medical",1,"Anticipation","Emotion"
"1068",15,"Attorney",1,"Fear","Emotion"
"1069",15,"Court",1,"Fear","Emotion"
"1070",15,"Emergency",1,"Fear","Emotion"
"1071",15,"Government",1,"Fear","Emotion"
"1072",15,"Medical",1,"Fear","Emotion"
"1073",15,"Operation",1,"Fear","Emotion"
"1074",15,"Resources",1,"Joy","Emotion"
"1075",15,"Special",1,"Joy","Emotion"
"1076",15,"Emergency",1,"Negative","Sentiment"
"1077",15,"Expenses",1,"Negative","Sentiment"
"1078",15,"Government",1,"Negative","Sentiment"
"1079",15,"Needy",1,"Negative","Sentiment"
"1080",15,"Tax",1,"Negative","Sentiment"
"1081",15,"Attorney",1,"Positive","Sentiment"
"1082",15,"Fleet",1,"Positive","Sentiment"
"1083",15,"Information",1,"Positive","Sentiment"
"1084",15,"Management",1,"Positive","Sentiment"
"1085",15,"Medical",1,"Positive","Sentiment"
"1086",15,"Resources",1,"Positive","Sentiment"
"1087",15,"Special",1,"Positive","Sentiment"
"1088",15,"Veteran",1,"Positive","Sentiment"
"1089",15,"Emergency",1,"Sadness","Emotion"
"1090",15,"Tax",1,"Sadness","Emotion"
"1091",15,"Emergency",1,"Surprise","Emotion"
"1092",15,"Attorney",1,"Trust","Emotion"
"1093",15,"Budget",1,"Trust","Emotion"
"1094",15,"Inform",1,"Trust","Emotion"
"1095",15,"Management",1,"Trust","Emotion"
"1096",15,"Medical",1,"Trust","Emotion"
"1097",15,"Operation",1,"Trust","Emotion"
"1098",15,"Resources",1,"Trust","Emotion"
"1099",15,"System",1,"Trust","Emotion"
"1100",15,"Veteran",1,"Trust","Emotion"
"1101",16,"Court",1,"Anger","Emotion"
"1102",16,"Court",1,"Anticipation","Emotion"
"1103",16,"Planning",1,"Anticipation","Emotion"
"1104",16,"Recreation",1,"Anticipation","Emotion"
"1105",16,"Waste",1,"Disgust","Emotion"
"1106",16,"Court",1,"Fear","Emotion"
"1107",16,"Operation",1,"Fear","Emotion"
"1108",16,"Recreation",1,"Joy","Emotion"
"1109",16,"Debt",1,"Negative","Sentiment"
"1110",16,"Waste",1,"Negative","Sentiment"
"1111",16,"Actual",1,"Positive","Sentiment"
"1112",16,"Community",1,"Positive","Sentiment"
"1113",16,"Culture",1,"Positive","Sentiment"
"1114",16,"Fleet",1,"Positive","Sentiment"
"1115",16,"Information",1,"Positive","Sentiment"
"1116",16,"Interest",1,"Positive","Sentiment"
"1117",16,"Planning",1,"Positive","Sentiment"
"1118",16,"Recreation",1,"Positive","Sentiment"
"1119",16,"Solid",1,"Positive","Sentiment"
"1120",16,"Debt",1,"Sadness","Emotion"
"1121",16,"Inform",1,"Trust","Emotion"
"1122",16,"Operation",1,"Trust","Emotion"
"1123",16,"Planning",1,"Trust","Emotion"
"1124",16,"System",1,"Trust","Emotion"
"1125",17,"Court",1,"Anger","Emotion"
"1126",17,"Child",1,"Anticipation","Emotion"
"1127",17,"Conservation",1,"Anticipation","Emotion"
"1128",17,"Court",1,"Anticipation","Emotion"
"1129",17,"Planning",1,"Anticipation","Emotion"
"1130",17,"Recreation",1,"Anticipation","Emotion"
"1131",17,"Soil",1,"Disgust","Emotion"
"1132",17,"Waste",1,"Disgust","Emotion"
"1133",17,"Court",1,"Fear","Emotion"
"1134",17,"Operation",1,"Fear","Emotion"
"1135",17,"Child",1,"Joy","Emotion"
"1136",17,"Recreation",1,"Joy","Emotion"
"1137",17,"Special",1,"Joy","Emotion"
"1138",17,"Needy",1,"Negative","Sentiment"
"1139",17,"Soil",1,"Negative","Sentiment"
"1140",17,"Tax",1,"Negative","Sentiment"
"1141",17,"Vacancy",1,"Negative","Sentiment"
"1142",17,"Waste",1,"Negative","Sentiment"
"1143",17,"Child",1,"Positive","Sentiment"
"1144",17,"Conservation",1,"Positive","Sentiment"
"1145",17,"Culture",1,"Positive","Sentiment"
"1146",17,"Fleet",1,"Positive","Sentiment"
"1147",17,"Information",1,"Positive","Sentiment"
"1148",17,"Planning",1,"Positive","Sentiment"
"1149",17,"Recreation",1,"Positive","Sentiment"
"1150",17,"Savings",1,"Positive","Sentiment"
"1151",17,"Solid",1,"Positive","Sentiment"
"1152",17,"Special",1,"Positive","Sentiment"
"1153",17,"Veteran",1,"Positive","Sentiment"
"1154",17,"Tax",1,"Sadness","Emotion"
"1155",17,"Conservation",1,"Trust","Emotion"
"1156",17,"Law",1,"Trust","Emotion"
"1157",17,"Operation",1,"Trust","Emotion"
"1158",17,"Planning",1,"Trust","Emotion"
"1159",17,"Veteran",1,"Trust","Emotion"
"1160",18,"Court",1,"Anger","Emotion"
"1161",18,"Child",1,"Anticipation","Emotion"
"1162",18,"Conservation",1,"Anticipation","Emotion"
"1163",18,"Court",1,"Anticipation","Emotion"
"1164",18,"Planning",1,"Anticipation","Emotion"
"1165",18,"Recreation",1,"Anticipation","Emotion"
"1166",18,"Soil",1,"Disgust","Emotion"
"1167",18,"Waste",1,"Disgust","Emotion"
"1168",18,"Court",1,"Fear","Emotion"
"1169",18,"Government",1,"Fear","Emotion"
"1170",18,"Operation",1,"Fear","Emotion"
"1171",18,"Child",1,"Joy","Emotion"
"1172",18,"Recreation",1,"Joy","Emotion"
"1173",18,"Special",1,"Joy","Emotion"
"1174",18,"Bonds",1,"Negative","Sentiment"
"1175",18,"Government",1,"Negative","Sentiment"
"1176",18,"Needy",1,"Negative","Sentiment"
"1177",18,"Soil",1,"Negative","Sentiment"
"1178",18,"Waste",1,"Negative","Sentiment"
"1179",18,"Child",1,"Positive","Sentiment"
"1180",18,"Community",1,"Positive","Sentiment"
"1181",18,"Conservation",1,"Positive","Sentiment"
"1182",18,"Culture",1,"Positive","Sentiment"
"1183",18,"Fleet",1,"Positive","Sentiment"
"1184",18,"Information",1,"Positive","Sentiment"
"1185",18,"Planning",1,"Positive","Sentiment"
"1186",18,"Recreation",1,"Positive","Sentiment"
"1187",18,"Solid",1,"Positive","Sentiment"
"1188",18,"Special",1,"Positive","Sentiment"
"1189",18,"Veteran",1,"Positive","Sentiment"
"1190",18,"Conservation",1,"Trust","Emotion"
"1191",18,"Law",1,"Trust","Emotion"
"1192",18,"Operation",1,"Trust","Emotion"
"1193",18,"Planning",1,"Trust","Emotion"
"1194",18,"Veteran",1,"Trust","Emotion"
"1195",19,"Attorney",1,"Anger","Emotion"
"1196",19,"Court",1,"Anger","Emotion"
"1197",19,"Fraud",1,"Anger","Emotion"
"1198",19,"Board",1,"Anticipation","Emotion"
"1199",19,"Child",1,"Anticipation","Emotion"
"1200",19,"Conservation",1,"Anticipation","Emotion"
"1201",19,"Court",1,"Anticipation","Emotion"
"1202",19,"Infant",1,"Anticipation","Emotion"
"1203",19,"Planning",1,"Anticipation","Emotion"
"1204",19,"Recreation",1,"Anticipation","Emotion"
"1205",19,"Risk",1,"Anticipation","Emotion"
"1206",19,"Soil",1,"Disgust","Emotion"
"1207",19,"Waste",1,"Disgust","Emotion"
"1208",19,"Attorney",1,"Fear","Emotion"
"1209",19,"Court",1,"Fear","Emotion"
"1210",19,"Government",1,"Fear","Emotion"
"1211",19,"Infant",1,"Fear","Emotion"
"1212",19,"Risk",1,"Fear","Emotion"
"1213",19,"Child",1,"Joy","Emotion"
"1214",19,"Infant",1,"Joy","Emotion"
"1215",19,"Recreation",1,"Joy","Emotion"
"1216",19,"Resources",1,"Joy","Emotion"
"1217",19,"Fraud",1,"Negative","Sentiment"
"1218",19,"Government",1,"Negative","Sentiment"
"1219",19,"Risk",1,"Negative","Sentiment"
"1220",19,"Soil",1,"Negative","Sentiment"
"1221",19,"Waste",1,"Negative","Sentiment"
"1222",19,"Agreement",1,"Positive","Sentiment"
"1223",19,"Attorney",1,"Positive","Sentiment"
"1224",19,"Authorized",1,"Positive","Sentiment"
"1225",19,"Child",1,"Positive","Sentiment"
"1226",19,"Conservation",1,"Positive","Sentiment"
"1227",19,"Cooperative",1,"Positive","Sentiment"
"1228",19,"Counselor",1,"Positive","Sentiment"
"1229",19,"Count",1,"Positive","Sentiment"
"1230",19,"Culture",1,"Positive","Sentiment"
"1231",19,"Fleet",1,"Positive","Sentiment"
"1232",19,"Infant",1,"Positive","Sentiment"
"1233",19,"Information",1,"Positive","Sentiment"
"1234",19,"Planning",1,"Positive","Sentiment"
"1235",19,"Protective",1,"Positive","Sentiment"
"1236",19,"Recreation",1,"Positive","Sentiment"
"1237",19,"Resources",1,"Positive","Sentiment"
"1238",19,"Solid",1,"Positive","Sentiment"
"1239",19,"Infant",1,"Surprise","Emotion"
"1240",19,"Agreement",1,"Trust","Emotion"
"1241",19,"Attorney",1,"Trust","Emotion"
"1242",19,"Conservation",1,"Trust","Emotion"
"1243",19,"Cooperative",1,"Trust","Emotion"
"1244",19,"Counselor",1,"Trust","Emotion"
"1245",19,"Count",1,"Trust","Emotion"
"1246",19,"Planning",1,"Trust","Emotion"
"1247",19,"Resources",1,"Trust","Emotion"
"1248",19,"System",1,"Trust","Emotion"
"1249",20,"Attorney",1,"Anger","Emotion"
"1250",20,"Public",1,"Anticipation","Emotion"
"1251",20,"Attorney",1,"Fear","Emotion"
"1252",20,"Resources",1,"Joy","Emotion"
"1253",20,"Decrease",1,"Negative","Sentiment"
"1254",20,"Tax",1,"Negative","Sentiment"
"1255",20,"Attorney",1,"Positive","Sentiment"
"1256",20,"Include",1,"Positive","Sentiment"
"1257",20,"Including",1,"Positive","Sentiment"
"1258",20,"Legal",1,"Positive","Sentiment"
"1259",20,"Public",1,"Positive","Sentiment"
"1260",20,"Resources",1,"Positive","Sentiment"
"1261",20,"Tax",1,"Sadness","Emotion"
"1262",20,"Account",1,"Trust","Emotion"
"1263",20,"Attorney",1,"Trust","Emotion"
"1264",20,"Legal",1,"Trust","Emotion"
"1265",20,"Policy",1,"Trust","Emotion"
"1266",20,"Resources",1,"Trust","Emotion"
