,page_number,word,sent_count,sentiment,category
1,27,Debt,17,Negative,Sentiment
2,27,Debt,17,Sadness,Emotion
3,36,Balance,16,Positive,Sentiment
4,33,Tax,15,Negative,Sentiment
5,33,Tax,15,Sadness,Emotion
6,9,Budget,14,Trust,Emotion
7,5,County,13,Trust,Emotion
8,18,County,13,Trust,Emotion
9,13,Debt,12,Negative,Sentiment
10,13,Debt,12,Sadness,Emotion
11,14,Budget,12,Trust,Emotion
12,18,Budget,12,Trust,Emotion
13,30,Tax,12,Negative,Sentiment
14,30,Tax,12,Sadness,Emotion
15,13,County,11,Trust,Emotion
16,29,Tax,10,Negative,Sentiment
17,29,Tax,10,Sadness,Emotion
18,32,Lottery,10,Anticipation,Emotion
19,15,County,9,Trust,Emotion
20,17,County,9,Trust,Emotion
21,18,Board,9,Anticipation,Emotion
22,28,Tax,9,Negative,Sentiment
23,28,Tax,9,Sadness,Emotion
24,33,County,9,Trust,Emotion
25,39,County,9,Trust,Emotion
26,4,County,8,Trust,Emotion
27,17,Maintenance,8,Trust,Emotion
28,19,Budget,8,Trust,Emotion
29,36,General,8,Positive,Sentiment
30,36,Budget,8,Trust,Emotion
31,36,General,8,Trust,Emotion
32,38,County,8,Trust,Emotion
33,22,County,7,Trust,Emotion
34,31,Tax,7,Negative,Sentiment
35,31,Tax,7,Sadness,Emotion
36,35,Increase,7,Positive,Sentiment
37,1,General,6,Positive,Sentiment
38,1,General,6,Trust,Emotion
39,7,General,6,Positive,Sentiment
40,7,General,6,Trust,Emotion
41,8,Maintenance,6,Trust,Emotion
42,10,General,6,Positive,Sentiment
43,10,Budget,6,Trust,Emotion
44,10,General,6,Trust,Emotion
45,11,Budget,6,Trust,Emotion
46,13,Increase,6,Positive,Sentiment
47,13,Budget,6,Trust,Emotion
48,15,Expenses,6,Negative,Sentiment
49,20,Budget,6,Trust,Emotion
50,21,Public,6,Anticipation,Emotion
51,21,Public,6,Positive,Sentiment
52,21,Budget,6,Trust,Emotion
53,23,Budget,6,Trust,Emotion
54,24,County,6,Trust,Emotion
55,26,Community,6,Positive,Sentiment
56,27,County,6,Trust,Emotion
57,34,Tax,6,Negative,Sentiment
58,34,Tax,6,Sadness,Emotion
59,39,Juvenile,6,Negative,Sentiment
60,3,Budget,5,Trust,Emotion
61,4,Public,5,Anticipation,Emotion
62,4,Public,5,Positive,Sentiment
63,8,Community,5,Positive,Sentiment
64,8,County,5,Trust,Emotion
65,9,Medical,5,Anticipation,Emotion
66,9,Medical,5,Fear,Emotion
67,9,Medical,5,Positive,Sentiment
68,9,Medical,5,Trust,Emotion
69,13,Expected,5,Anticipation,Emotion
70,16,Budget,5,Trust,Emotion
71,17,Debt,5,Negative,Sentiment
72,17,Debt,5,Sadness,Emotion
73,17,Budget,5,Trust,Emotion
74,18,Increase,5,Positive,Sentiment
75,18,Maintenance,5,Trust,Emotion
76,22,Increase,5,Positive,Sentiment
77,24,General,5,Positive,Sentiment
78,24,General,5,Trust,Emotion
79,25,County,5,Trust,Emotion
80,30,County,5,Trust,Emotion
81,32,Debt,5,Negative,Sentiment
82,32,Debt,5,Sadness,Emotion
83,32,County,5,Trust,Emotion
84,34,Increase,5,Positive,Sentiment
85,35,Bonds,5,Negative,Sentiment
86,35,County,5,Trust,Emotion
87,36,Expenses,5,Negative,Sentiment
88,36,County,5,Trust,Emotion
89,37,Expenses,5,Negative,Sentiment
90,39,Plan,5,Anticipation,Emotion
91,40,County,5,Trust,Emotion
92,3,General,4,Positive,Sentiment
93,3,County,4,Trust,Emotion
94,3,General,4,Trust,Emotion
95,4,Budget,4,Trust,Emotion
96,5,Budget,4,Trust,Emotion
97,6,County,4,Trust,Emotion
98,7,County,4,Trust,Emotion
99,7,Specialist,4,Trust,Emotion
100,9,Public,4,Anticipation,Emotion
101,9,Included,4,Positive,Sentiment
102,9,Public,4,Positive,Sentiment
103,10,Plan,4,Anticipation,Emotion
104,11,Board,4,Anticipation,Emotion
105,11,Center,4,Positive,Sentiment
106,11,Center,4,Trust,Emotion
107,13,Board,4,Anticipation,Emotion
108,13,Decrease,4,Negative,Sentiment
109,13,Including,4,Positive,Sentiment
110,13,Merit,4,Positive,Sentiment
111,13,Merit,4,Trust,Emotion
112,13,School,4,Trust,Emotion
113,14,Inflation,4,Fear,Emotion
114,14,Inflation,4,Negative,Sentiment
115,15,Plan,4,Anticipation,Emotion
116,15,Balance,4,Positive,Sentiment
117,17,School,4,Trust,Emotion
118,18,Tax,4,Negative,Sentiment
119,18,Tax,4,Sadness,Emotion
120,19,County,4,Trust,Emotion
121,20,Public,4,Anticipation,Emotion
122,20,Public,4,Positive,Sentiment
123,21,County,4,Trust,Emotion
124,22,Budget,4,Trust,Emotion
125,24,Government,4,Fear,Emotion
126,24,Government,4,Negative,Sentiment
127,25,Budget,4,Trust,Emotion
128,26,Library,4,Positive,Sentiment
129,27,Budget,4,Trust,Emotion
130,27,School,4,Trust,Emotion
131,28,Balance,4,Positive,Sentiment
132,28,General,4,Positive,Sentiment
133,28,General,4,Trust,Emotion
134,29,County,4,Trust,Emotion
135,30,Real,4,Positive,Sentiment
136,30,Real,4,Trust,Emotion
137,32,Bonds,4,Negative,Sentiment
138,32,Budget,4,Trust,Emotion
139,32,School,4,Trust,Emotion
140,34,Budget,4,Trust,Emotion
141,34,County,4,Trust,Emotion
142,36,Law,4,Trust,Emotion
143,37,County,4,Trust,Emotion
144,1,Debt,3,Negative,Sentiment
145,1,Debt,3,Sadness,Emotion
146,2,Tax,3,Negative,Sentiment
147,2,Tax,3,Sadness,Emotion
148,3,Debt,3,Negative,Sentiment
149,3,Community,3,Positive,Sentiment
150,3,Debt,3,Sadness,Emotion
151,4,Enforcement,3,Negative,Sentiment
152,6,Board,3,Anticipation,Emotion
153,6,Public,3,Anticipation,Emotion
154,6,General,3,Positive,Sentiment
155,6,Justice,3,Positive,Sentiment
156,6,Public,3,Positive,Sentiment
157,6,General,3,Trust,Emotion
158,6,Justice,3,Trust,Emotion
159,7,Grant,3,Anticipation,Emotion
160,7,Grant,3,Joy,Emotion
161,7,Tax,3,Negative,Sentiment
162,7,Grant,3,Positive,Sentiment
163,7,Tax,3,Sadness,Emotion
164,7,Grant,3,Trust,Emotion
165,8,Public,3,Anticipation,Emotion
166,8,Major,3,Positive,Sentiment
167,8,Public,3,Positive,Sentiment
168,9,Emergency,3,Fear,Emotion
169,9,Emergency,3,Negative,Sentiment
170,9,Community,3,Positive,Sentiment
171,9,Emergency,3,Sadness,Emotion
172,9,Emergency,3,Surprise,Emotion
173,9,County,3,Trust,Emotion
174,10,Pay,3,Anticipation,Emotion
175,10,Change,3,Fear,Emotion
176,10,Pay,3,Joy,Emotion
177,10,Full,3,Positive,Sentiment
178,10,Increase,3,Positive,Sentiment
179,10,Merit,3,Positive,Sentiment
180,10,Pay,3,Positive,Sentiment
181,10,Base,3,Trust,Emotion
182,10,Merit,3,Trust,Emotion
183,10,Pay,3,Trust,Emotion
184,11,Change,3,Fear,Emotion
185,11,Detention,3,Negative,Sentiment
186,11,Juvenile,3,Negative,Sentiment
187,11,Increase,3,Positive,Sentiment
188,11,Detention,3,Sadness,Emotion
189,12,County,3,Trust,Emotion
190,13,Major,3,Positive,Sentiment
191,13,Related,3,Trust,Emotion
192,14,County,3,Trust,Emotion
193,15,Debt,3,Negative,Sentiment
194,15,General,3,Positive,Sentiment
195,15,Debt,3,Sadness,Emotion
196,15,General,3,Trust,Emotion
197,16,Debt,3,Negative,Sentiment
198,16,Debt,3,Sadness,Emotion
199,16,County,3,Trust,Emotion
200,17,Board,3,Anticipation,Emotion
201,17,Expenses,3,Negative,Sentiment
202,17,Community,3,Positive,Sentiment
203,18,School,3,Trust,Emotion
204,19,Debt,3,Negative,Sentiment
205,19,Debt,3,Sadness,Emotion
206,20,Child,3,Anticipation,Emotion
207,20,Child,3,Joy,Emotion
208,20,Assistance,3,Positive,Sentiment
209,20,Child,3,Positive,Sentiment
210,20,Included,3,Positive,Sentiment
211,21,Grant,3,Anticipation,Emotion
212,21,Grant,3,Joy,Emotion
213,21,Expenses,3,Negative,Sentiment
214,21,Grant,3,Positive,Sentiment
215,21,Grant,3,Trust,Emotion
216,22,Emergency,3,Fear,Emotion
217,22,Emergency,3,Negative,Sentiment
218,22,Justice,3,Positive,Sentiment
219,22,Emergency,3,Sadness,Emotion
220,22,Emergency,3,Surprise,Emotion
221,22,Justice,3,Trust,Emotion
222,23,Change,3,Fear,Emotion
223,23,Decrease,3,Negative,Sentiment
224,23,Increase,3,Positive,Sentiment
225,23,Maintenance,3,Trust,Emotion
226,24,Budget,3,Trust,Emotion
227,26,Provide,3,Positive,Sentiment
228,26,County,3,Trust,Emotion
229,26,Provide,3,Trust,Emotion
230,27,Bonds,3,Negative,Sentiment
231,27,Including,3,Positive,Sentiment
232,27,Related,3,Trust,Emotion
233,28,County,3,Trust,Emotion
234,29,General,3,Positive,Sentiment
235,29,General,3,Trust,Emotion
236,30,Pay,3,Anticipation,Emotion
237,30,Public,3,Anticipation,Emotion
238,30,Pay,3,Joy,Emotion
239,30,General,3,Positive,Sentiment
240,30,Pay,3,Positive,Sentiment
241,30,Public,3,Positive,Sentiment
242,30,Budget,3,Trust,Emotion
243,30,General,3,Trust,Emotion
244,30,Pay,3,Trust,Emotion
245,33,Levy,3,Negative,Sentiment
246,33,General,3,Positive,Sentiment
247,33,General,3,Trust,Emotion
248,34,Fee,3,Anger,Emotion
249,34,Public,3,Anticipation,Emotion
250,34,Fee,3,Negative,Sentiment
251,34,Public,3,Positive,Sentiment
252,35,Result,3,Anticipation,Emotion
253,36,Cash,3,Anger,Emotion
254,36,Cash,3,Anticipation,Emotion
255,36,Pay,3,Anticipation,Emotion
256,36,Cash,3,Fear,Emotion
257,36,Cash,3,Joy,Emotion
258,36,Pay,3,Joy,Emotion
259,36,Bonds,3,Negative,Sentiment
260,36,Enforcement,3,Negative,Sentiment
261,36,Minimum,3,Negative,Sentiment
262,36,Cash,3,Positive,Sentiment
263,36,Pay,3,Positive,Sentiment
264,36,Cash,3,Trust,Emotion
265,36,Pay,3,Trust,Emotion
266,37,Government,3,Fear,Emotion
267,37,Rod,3,Fear,Emotion
268,37,Government,3,Negative,Sentiment
269,37,Rod,3,Positive,Sentiment
270,37,Savings,3,Positive,Sentiment
271,37,Rod,3,Trust,Emotion
272,38,Develop,3,Anticipation,Emotion
273,38,Plan,3,Anticipation,Emotion
274,38,Develop,3,Positive,Sentiment
275,38,Focus,3,Positive,Sentiment
276,38,Healthy,3,Positive,Sentiment
277,39,Develop,3,Anticipation,Emotion
278,39,Public,3,Anticipation,Emotion
279,39,Center,3,Positive,Sentiment
280,39,Develop,3,Positive,Sentiment
281,39,Public,3,Positive,Sentiment
282,39,Center,3,Trust,Emotion
283,39,School,3,Trust,Emotion
284,1,Public,2,Anticipation,Emotion
285,1,Government,2,Fear,Emotion
286,1,Government,2,Negative,Sentiment
287,1,Community,2,Positive,Sentiment
288,1,Information,2,Positive,Sentiment
289,1,Public,2,Positive,Sentiment
290,2,Debt,2,Negative,Sentiment
291,2,Actual,2,Positive,Sentiment
292,2,Assistance,2,Positive,Sentiment
293,2,Debt,2,Sadness,Emotion
294,3,Government,2,Fear,Emotion
295,3,Government,2,Negative,Sentiment
296,3,Tax,2,Negative,Sentiment
297,3,Tax,2,Sadness,Emotion
298,4,Court,2,Anger,Emotion
299,4,Court,2,Anticipation,Emotion
300,4,Court,2,Fear,Emotion
301,4,Emergency,2,Fear,Emotion
302,4,Emergency,2,Negative,Sentiment
303,4,General,2,Positive,Sentiment
304,4,Information,2,Positive,Sentiment
305,4,Emergency,2,Sadness,Emotion
306,4,Emergency,2,Surprise,Emotion
307,4,Account,2,Trust,Emotion
308,4,General,2,Trust,Emotion
309,4,Law,2,Trust,Emotion
310,5,Court,2,Anger,Emotion
311,5,Child,2,Anticipation,Emotion
312,5,Court,2,Anticipation,Emotion
313,5,Pay,2,Anticipation,Emotion
314,5,Court,2,Fear,Emotion
315,5,Child,2,Joy,Emotion
316,5,Pay,2,Joy,Emotion
317,5,Enforcement,2,Negative,Sentiment
318,5,Assistance,2,Positive,Sentiment
319,5,Child,2,Positive,Sentiment
320,5,Pay,2,Positive,Sentiment
321,5,Account,2,Trust,Emotion
322,5,Pay,2,Trust,Emotion
323,6,Grant,2,Anticipation,Emotion
324,6,Grant,2,Joy,Emotion
325,6,Center,2,Positive,Sentiment
326,6,Grant,2,Positive,Sentiment
327,6,Management,2,Positive,Sentiment
328,6,Center,2,Trust,Emotion
329,6,Grant,2,Trust,Emotion
330,6,Management,2,Trust,Emotion
331,7,Child,2,Anticipation,Emotion
332,7,Pay,2,Anticipation,Emotion
333,7,Public,2,Anticipation,Emotion
334,7,Emergency,2,Fear,Emotion
335,7,Child,2,Joy,Emotion
336,7,Pay,2,Joy,Emotion
337,7,Debt,2,Negative,Sentiment
338,7,Emergency,2,Negative,Sentiment
339,7,Enforcement,2,Negative,Sentiment
340,7,Child,2,Positive,Sentiment
341,7,March,2,Positive,Sentiment
342,7,Pay,2,Positive,Sentiment
343,7,Public,2,Positive,Sentiment
344,7,Debt,2,Sadness,Emotion
345,7,Emergency,2,Sadness,Emotion
346,7,Emergency,2,Surprise,Emotion
347,7,Budget,2,Trust,Emotion
348,7,Pay,2,Trust,Emotion
349,8,Medical,2,Anticipation,Emotion
350,8,Share,2,Anticipation,Emotion
351,8,Inmate,2,Disgust,Emotion
352,8,Change,2,Fear,Emotion
353,8,Emergency,2,Fear,Emotion
354,8,Inmate,2,Fear,Emotion
355,8,Medical,2,Fear,Emotion
356,8,Share,2,Joy,Emotion
357,8,Debt,2,Negative,Sentiment
358,8,Emergency,2,Negative,Sentiment
359,8,Enforcement,2,Negative,Sentiment
360,8,Inmate,2,Negative,Sentiment
361,8,Core,2,Positive,Sentiment
362,8,Medical,2,Positive,Sentiment
363,8,Share,2,Positive,Sentiment
364,8,Debt,2,Sadness,Emotion
365,8,Emergency,2,Sadness,Emotion
366,8,Emergency,2,Surprise,Emotion
367,8,Budget,2,Trust,Emotion
368,8,Law,2,Trust,Emotion
369,8,Medical,2,Trust,Emotion
370,8,Share,2,Trust,Emotion
371,9,Child,2,Anticipation,Emotion
372,9,Share,2,Anticipation,Emotion
373,9,Child,2,Joy,Emotion
374,9,Share,2,Joy,Emotion
375,9,Detention,2,Negative,Sentiment
376,9,Child,2,Positive,Sentiment
377,9,Increase,2,Positive,Sentiment
378,9,Share,2,Positive,Sentiment
379,9,Supplies,2,Positive,Sentiment
380,9,Detention,2,Sadness,Emotion
381,9,Share,2,Trust,Emotion
382,9,System,2,Trust,Emotion
383,10,Debt,2,Negative,Sentiment
384,10,Expenses,2,Negative,Sentiment
385,10,Included,2,Positive,Sentiment
386,10,Debt,2,Sadness,Emotion
387,10,County,2,Trust,Emotion
388,11,Improve,2,Anticipation,Emotion
389,11,Improve,2,Joy,Emotion
390,11,Improve,2,Positive,Sentiment
391,11,Include,2,Positive,Sentiment
392,11,Included,2,Positive,Sentiment
393,11,Justice,2,Positive,Sentiment
394,11,March,2,Positive,Sentiment
395,11,Provide,2,Positive,Sentiment
396,11,Older,2,Sadness,Emotion
397,11,County,2,Trust,Emotion
398,11,Improve,2,Trust,Emotion
399,11,Justice,2,Trust,Emotion
400,11,Provide,2,Trust,Emotion
401,12,Excluding,2,Negative,Sentiment
402,12,Excluding,2,Sadness,Emotion
403,13,Pay,2,Anticipation,Emotion
404,13,Gross,2,Disgust,Emotion
405,13,Pay,2,Joy,Emotion
406,13,Bonds,2,Negative,Sentiment
407,13,Expenses,2,Negative,Sentiment
408,13,Gross,2,Negative,Sentiment
409,13,Lowest,2,Negative,Sentiment
410,13,Assistance,2,Positive,Sentiment
411,13,Full,2,Positive,Sentiment
412,13,Pay,2,Positive,Sentiment
413,13,Qualified,2,Positive,Sentiment
414,13,Reimbursement,2,Positive,Sentiment
415,13,Study,2,Positive,Sentiment
416,13,Lowest,2,Sadness,Emotion
417,13,Maintenance,2,Trust,Emotion
418,13,Pay,2,Trust,Emotion
419,13,Qualified,2,Trust,Emotion
420,13,Reimbursement,2,Trust,Emotion
421,14,Expenses,2,Negative,Sentiment
422,14,General,2,Positive,Sentiment
423,14,General,2,Trust,Emotion
424,14,Show,2,Trust,Emotion
425,15,Pay,2,Anticipation,Emotion
426,15,Pay,2,Joy,Emotion
427,15,Gap,2,Negative,Sentiment
428,15,Pay,2,Positive,Sentiment
429,15,Savings,2,Positive,Sentiment
430,15,Pay,2,Trust,Emotion
431,16,Expenses,2,Negative,Sentiment
432,16,Balance,2,Positive,Sentiment
433,16,Community,2,Positive,Sentiment
434,16,Included,2,Positive,Sentiment
435,16,School,2,Trust,Emotion
436,17,Public,2,Anticipation,Emotion
437,17,Including,2,Positive,Sentiment
438,17,Legal,2,Positive,Sentiment
439,17,Public,2,Positive,Sentiment
440,17,Legal,2,Trust,Emotion
441,18,Present,2,Anticipation,Emotion
442,18,Present,2,Joy,Emotion
443,18,Bonds,2,Negative,Sentiment
444,18,Community,2,Positive,Sentiment
445,18,Information,2,Positive,Sentiment
446,18,Present,2,Positive,Sentiment
447,18,Present,2,Surprise,Emotion
448,18,Present,2,Trust,Emotion
449,19,Public,2,Anticipation,Emotion
450,19,Expenditure,2,Negative,Sentiment
451,19,Community,2,Positive,Sentiment
452,19,Public,2,Positive,Sentiment
453,20,Board,2,Anticipation,Emotion
454,20,Share,2,Anticipation,Emotion
455,20,Share,2,Joy,Emotion
456,20,Increase,2,Positive,Sentiment
457,20,Share,2,Positive,Sentiment
458,20,County,2,Trust,Emotion
459,20,Share,2,Trust,Emotion
460,21,Inmate,2,Disgust,Emotion
461,21,Emergency,2,Fear,Emotion
462,21,Inmate,2,Fear,Emotion
463,21,Emergency,2,Negative,Sentiment
464,21,Enforcement,2,Negative,Sentiment
465,21,Inmate,2,Negative,Sentiment
466,21,Include,2,Positive,Sentiment
467,21,Emergency,2,Sadness,Emotion
468,21,Emergency,2,Surprise,Emotion
469,21,Law,2,Trust,Emotion
470,22,Court,2,Anger,Emotion
471,22,Court,2,Anticipation,Emotion
472,22,Medical,2,Anticipation,Emotion
473,22,Court,2,Fear,Emotion
474,22,Medical,2,Fear,Emotion
475,22,Expenses,2,Negative,Sentiment
476,22,Juvenile,2,Negative,Sentiment
477,22,Center,2,Positive,Sentiment
478,22,Full,2,Positive,Sentiment
479,22,Medical,2,Positive,Sentiment
480,22,Center,2,Trust,Emotion
481,22,Medical,2,Trust,Emotion
482,23,Cash,2,Anger,Emotion
483,23,Cash,2,Anticipation,Emotion
484,23,Public,2,Anticipation,Emotion
485,23,Cash,2,Fear,Emotion
486,23,Cash,2,Joy,Emotion
487,23,Detention,2,Negative,Sentiment
488,23,Tax,2,Negative,Sentiment
489,23,Cash,2,Positive,Sentiment
490,23,Center,2,Positive,Sentiment
491,23,Community,2,Positive,Sentiment
492,23,Fully,2,Positive,Sentiment
493,23,Major,2,Positive,Sentiment
494,23,March,2,Positive,Sentiment
495,23,Public,2,Positive,Sentiment
496,23,Detention,2,Sadness,Emotion
497,23,Tax,2,Sadness,Emotion
498,23,Cash,2,Trust,Emotion
499,23,Center,2,Trust,Emotion
500,23,Fully,2,Trust,Emotion
501,24,Board,2,Anticipation,Emotion
502,24,Plan,2,Anticipation,Emotion
503,24,Fleet,2,Positive,Sentiment
504,24,Increase,2,Positive,Sentiment
505,24,Information,2,Positive,Sentiment
506,24,Provide,2,Positive,Sentiment
507,24,Study,2,Positive,Sentiment
508,24,Provide,2,Trust,Emotion
509,25,Board,2,Anticipation,Emotion
510,26,Planning,2,Anticipation,Emotion
511,26,Culture,2,Positive,Sentiment
512,26,General,2,Positive,Sentiment
513,26,Included,2,Positive,Sentiment
514,26,Planning,2,Positive,Sentiment
515,26,Budget,2,Trust,Emotion
516,26,General,2,Trust,Emotion
517,26,Planning,2,Trust,Emotion
518,27,Board,2,Anticipation,Emotion
519,27,Expected,2,Anticipation,Emotion
520,27,Planning,2,Anticipation,Emotion
521,27,Public,2,Anticipation,Emotion
522,27,Community,2,Positive,Sentiment
523,27,Increase,2,Positive,Sentiment
524,27,Planning,2,Positive,Sentiment
525,27,Public,2,Positive,Sentiment
526,27,Planning,2,Trust,Emotion
527,28,Budget,2,Trust,Emotion
528,30,Fire,2,Fear,Emotion
529,30,Base,2,Trust,Emotion
530,30,Personal,2,Trust,Emotion
531,32,Subsidy,2,Anger,Emotion
532,32,Share,2,Anticipation,Emotion
533,32,Subsidy,2,Disgust,Emotion
534,32,Share,2,Joy,Emotion
535,32,Subsidy,2,Negative,Sentiment
536,32,Included,2,Positive,Sentiment
537,32,Including,2,Positive,Sentiment
538,32,Increase,2,Positive,Sentiment
539,32,Recovery,2,Positive,Sentiment
540,32,Share,2,Positive,Sentiment
541,32,Share,2,Trust,Emotion
542,33,Government,2,Fear,Emotion
543,33,Government,2,Negative,Sentiment
544,33,Actual,2,Positive,Sentiment
545,33,Authorized,2,Positive,Sentiment
546,34,Level,2,Positive,Sentiment
547,34,Level,2,Trust,Emotion
548,35,Emergency,2,Fear,Emotion
549,35,Emergency,2,Negative,Sentiment
550,35,Lower,2,Negative,Sentiment
551,35,General,2,Positive,Sentiment
552,35,Emergency,2,Sadness,Emotion
553,35,Lower,2,Sadness,Emotion
554,35,Emergency,2,Surprise,Emotion
555,35,General,2,Trust,Emotion
556,36,Abuse,2,Anger,Emotion
557,36,Abuse,2,Disgust,Emotion
558,36,Abuse,2,Fear,Emotion
559,36,Forfeiture,2,Fear,Emotion
560,36,Abuse,2,Negative,Sentiment
561,36,Debt,2,Negative,Sentiment
562,36,Forfeiture,2,Negative,Sentiment
563,36,Tax,2,Negative,Sentiment
564,36,Management,2,Positive,Sentiment
565,36,Savings,2,Positive,Sentiment
566,36,Substance,2,Positive,Sentiment
567,36,Abuse,2,Sadness,Emotion
568,36,Debt,2,Sadness,Emotion
569,36,Forfeiture,2,Sadness,Emotion
570,36,Tax,2,Sadness,Emotion
571,36,Account,2,Trust,Emotion
572,36,Management,2,Trust,Emotion
573,37,Vision,2,Anticipation,Emotion
574,37,Balance,2,Positive,Sentiment
575,37,Citizen,2,Positive,Sentiment
576,37,Effective,2,Positive,Sentiment
577,37,Level,2,Positive,Sentiment
578,37,Vision,2,Positive,Sentiment
579,37,Cover,2,Trust,Emotion
580,37,Effective,2,Trust,Emotion
581,37,Level,2,Trust,Emotion
582,38,Medical,2,Anticipation,Emotion
583,38,Planning,2,Anticipation,Emotion
584,38,Public,2,Anticipation,Emotion
585,38,Excellence,2,Disgust,Emotion
586,38,Medical,2,Fear,Emotion
587,38,Excellence,2,Joy,Emotion
588,38,Crisis,2,Negative,Sentiment
589,38,Center,2,Positive,Sentiment
590,38,Comprehensive,2,Positive,Sentiment
591,38,Efficiency,2,Positive,Sentiment
592,38,Excellence,2,Positive,Sentiment
593,38,Increase,2,Positive,Sentiment
594,38,Medical,2,Positive,Sentiment
595,38,Planning,2,Positive,Sentiment
596,38,Professional,2,Positive,Sentiment
597,38,Public,2,Positive,Sentiment
598,38,Budget,2,Trust,Emotion
599,38,Center,2,Trust,Emotion
600,38,Excellence,2,Trust,Emotion
601,38,Medical,2,Trust,Emotion
602,38,Planning,2,Trust,Emotion
603,38,Professional,2,Trust,Emotion
604,38,School,2,Trust,Emotion
605,38,System,2,Trust,Emotion
606,39,Detention,2,Negative,Sentiment
607,39,Enforcement,2,Negative,Sentiment
608,39,Community,2,Positive,Sentiment
609,39,Include,2,Positive,Sentiment
610,39,Increase,2,Positive,Sentiment
611,39,Job,2,Positive,Sentiment
612,39,Partner,2,Positive,Sentiment
613,39,Detention,2,Sadness,Emotion
614,39,Law,2,Trust,Emotion
615,39,System,2,Trust,Emotion
616,40,Public,2,Anticipation,Emotion
617,40,Public,2,Positive,Sentiment
618,40,Study,2,Positive,Sentiment
619,40,System,2,Trust,Emotion
620,1,Actual,1,Positive,Sentiment
621,1,Main,1,Positive,Sentiment
622,1,Accounts,1,Trust,Emotion
623,1,Budget,1,Trust,Emotion
624,1,County,1,Trust,Emotion
625,2,Balance,1,Positive,Sentiment
626,2,Budget,1,Trust,Emotion
627,3,Attorney,1,Anger,Emotion
628,3,Board,1,Anticipation,Emotion
629,3,Conservation,1,Anticipation,Emotion
630,3,Develop,1,Anticipation,Emotion
631,3,Planning,1,Anticipation,Emotion
632,3,Recreation,1,Anticipation,Emotion
633,3,Soil,1,Disgust,Emotion
634,3,Waste,1,Disgust,Emotion
635,3,Attorney,1,Fear,Emotion
636,3,Recreation,1,Joy,Emotion
637,3,Resources,1,Joy,Emotion
638,3,Soil,1,Negative,Sentiment
639,3,Waste,1,Negative,Sentiment
640,3,Actual,1,Positive,Sentiment
641,3,Assistance,1,Positive,Sentiment
642,3,Attorney,1,Positive,Sentiment
643,3,Balance,1,Positive,Sentiment
644,3,Conservation,1,Positive,Sentiment
645,3,Cooperative,1,Positive,Sentiment
646,3,Culture,1,Positive,Sentiment
647,3,Develop,1,Positive,Sentiment
648,3,Management,1,Positive,Sentiment
649,3,Planning,1,Positive,Sentiment
650,3,Recreation,1,Positive,Sentiment
651,3,Resources,1,Positive,Sentiment
652,3,Solid,1,Positive,Sentiment
653,3,Attorney,1,Trust,Emotion
654,3,Conservation,1,Trust,Emotion
655,3,Cooperative,1,Trust,Emotion
656,3,Management,1,Trust,Emotion
657,3,Planning,1,Trust,Emotion
658,3,Resources,1,Trust,Emotion
659,4,Money,1,Anger,Emotion
660,4,Child,1,Anticipation,Emotion
661,4,Money,1,Anticipation,Emotion
662,4,Operation,1,Fear,Emotion
663,4,Child,1,Joy,Emotion
664,4,Money,1,Joy,Emotion
665,4,Resources,1,Joy,Emotion
666,4,Debt,1,Negative,Sentiment
667,4,Actual,1,Positive,Sentiment
668,4,Assistance,1,Positive,Sentiment
669,4,Center,1,Positive,Sentiment
670,4,Child,1,Positive,Sentiment
671,4,Fleet,1,Positive,Sentiment
672,4,Justice,1,Positive,Sentiment
673,4,Money,1,Positive,Sentiment
674,4,Received,1,Positive,Sentiment
675,4,Resources,1,Positive,Sentiment
676,4,Veteran,1,Positive,Sentiment
677,4,Debt,1,Sadness,Emotion
678,4,Money,1,Surprise,Emotion
679,4,Center,1,Trust,Emotion
680,4,Chart,1,Trust,Emotion
681,4,Justice,1,Trust,Emotion
682,4,Money,1,Trust,Emotion
683,4,Operation,1,Trust,Emotion
684,4,Resources,1,Trust,Emotion
685,4,Veteran,1,Trust,Emotion
686,5,Attorney,1,Anger,Emotion
687,5,Money,1,Anger,Emotion
688,5,Board,1,Anticipation,Emotion
689,5,Conservation,1,Anticipation,Emotion
690,5,Develop,1,Anticipation,Emotion
691,5,Money,1,Anticipation,Emotion
692,5,Plan,1,Anticipation,Emotion
693,5,Planning,1,Anticipation,Emotion
694,5,Public,1,Anticipation,Emotion
695,5,Soil,1,Disgust,Emotion
696,5,Waste,1,Disgust,Emotion
697,5,Attorney,1,Fear,Emotion
698,5,Change,1,Fear,Emotion
699,5,Operation,1,Fear,Emotion
700,5,Money,1,Joy,Emotion
701,5,Resources,1,Joy,Emotion
702,5,Breakdown,1,Negative,Sentiment
703,5,Soil,1,Negative,Sentiment
704,5,Tax,1,Negative,Sentiment
705,5,Waste,1,Negative,Sentiment
706,5,Attorney,1,Positive,Sentiment
707,5,Balance,1,Positive,Sentiment
708,5,Center,1,Positive,Sentiment
709,5,Conservation,1,Positive,Sentiment
710,5,Cooperative,1,Positive,Sentiment
711,5,Culture,1,Positive,Sentiment
712,5,Develop,1,Positive,Sentiment
713,5,Fleet,1,Positive,Sentiment
714,5,Justice,1,Positive,Sentiment
715,5,Management,1,Positive,Sentiment
716,5,Money,1,Positive,Sentiment
717,5,Planning,1,Positive,Sentiment
718,5,Public,1,Positive,Sentiment
719,5,Received,1,Positive,Sentiment
720,5,Resources,1,Positive,Sentiment
721,5,Solid,1,Positive,Sentiment
722,5,Unique,1,Positive,Sentiment
723,5,Veteran,1,Positive,Sentiment
724,5,Tax,1,Sadness,Emotion
725,5,Money,1,Surprise,Emotion
726,5,Unique,1,Surprise,Emotion
727,5,Attorney,1,Trust,Emotion
728,5,Center,1,Trust,Emotion
729,5,Chart,1,Trust,Emotion
730,5,Conservation,1,Trust,Emotion
731,5,Cooperative,1,Trust,Emotion
732,5,Justice,1,Trust,Emotion
733,5,Management,1,Trust,Emotion
734,5,Money,1,Trust,Emotion
735,5,Operation,1,Trust,Emotion
736,5,Planning,1,Trust,Emotion
737,5,Resources,1,Trust,Emotion
738,5,Veteran,1,Trust,Emotion
739,6,Attorney,1,Anger,Emotion
740,6,Court,1,Anger,Emotion
741,6,Crime,1,Anger,Emotion
742,6,Child,1,Anticipation,Emotion
743,6,Conservation,1,Anticipation,Emotion
744,6,Court,1,Anticipation,Emotion
745,6,Improve,1,Anticipation,Emotion
746,6,Medical,1,Anticipation,Emotion
747,6,Planning,1,Anticipation,Emotion
748,6,Risk,1,Anticipation,Emotion
749,6,Soil,1,Disgust,Emotion
750,6,Waste,1,Disgust,Emotion
751,6,Attorney,1,Fear,Emotion
752,6,Court,1,Fear,Emotion
753,6,Emergency,1,Fear,Emotion
754,6,Government,1,Fear,Emotion
755,6,Medical,1,Fear,Emotion
756,6,Risk,1,Fear,Emotion
757,6,Child,1,Joy,Emotion
758,6,Improve,1,Joy,Emotion
759,6,Resources,1,Joy,Emotion
760,6,Crime,1,Negative,Sentiment
761,6,Emergency,1,Negative,Sentiment
762,6,Enforcement,1,Negative,Sentiment
763,6,Government,1,Negative,Sentiment
764,6,Risk,1,Negative,Sentiment
765,6,Soil,1,Negative,Sentiment
766,6,Tax,1,Negative,Sentiment
767,6,Waste,1,Negative,Sentiment
768,6,Assistance,1,Positive,Sentiment
769,6,Attorney,1,Positive,Sentiment
770,6,Child,1,Positive,Sentiment
771,6,Community,1,Positive,Sentiment
772,6,Conservation,1,Positive,Sentiment
773,6,Effort,1,Positive,Sentiment
774,6,Elder,1,Positive,Sentiment
775,6,Fleet,1,Positive,Sentiment
776,6,Improve,1,Positive,Sentiment
777,6,Information,1,Positive,Sentiment
778,6,Medical,1,Positive,Sentiment
779,6,Officer,1,Positive,Sentiment
780,6,Planning,1,Positive,Sentiment
781,6,Resources,1,Positive,Sentiment
782,6,Solid,1,Positive,Sentiment
783,6,Emergency,1,Sadness,Emotion
784,6,Tax,1,Sadness,Emotion
785,6,Emergency,1,Surprise,Emotion
786,6,Attorney,1,Trust,Emotion
787,6,Budget,1,Trust,Emotion
788,6,Commission,1,Trust,Emotion
789,6,Conservation,1,Trust,Emotion
790,6,Deputy,1,Trust,Emotion
791,6,Elder,1,Trust,Emotion
792,6,Improve,1,Trust,Emotion
793,6,Law,1,Trust,Emotion
794,6,Medical,1,Trust,Emotion
795,6,Officer,1,Trust,Emotion
796,6,Planning,1,Trust,Emotion
797,6,Resources,1,Trust,Emotion
798,7,Court,1,Anger,Emotion
799,7,Analyst,1,Anticipation,Emotion
800,7,Board,1,Anticipation,Emotion
801,7,Court,1,Anticipation,Emotion
802,7,Change,1,Fear,Emotion
803,7,Court,1,Fear,Emotion
804,7,Fire,1,Fear,Emotion
805,7,Government,1,Fear,Emotion
806,7,Food,1,Joy,Emotion
807,7,Government,1,Negative,Sentiment
808,7,Juvenile,1,Negative,Sentiment
809,7,Action,1,Positive,Sentiment
810,7,Actual,1,Positive,Sentiment
811,7,Analyst,1,Positive,Sentiment
812,7,Community,1,Positive,Sentiment
813,7,Convert,1,Positive,Sentiment
814,7,Counselor,1,Positive,Sentiment
815,7,Effective,1,Positive,Sentiment
816,7,Food,1,Positive,Sentiment
817,7,Noted,1,Positive,Sentiment
818,7,Practice,1,Positive,Sentiment
819,7,Administrative,1,Trust,Emotion
820,7,Analyst,1,Trust,Emotion
821,7,Counselor,1,Trust,Emotion
822,7,Effective,1,Trust,Emotion
823,7,Food,1,Trust,Emotion
824,7,Law,1,Trust,Emotion
825,7,Lodging,1,Trust,Emotion
826,8,Court,1,Anger,Emotion
827,8,Board,1,Anticipation,Emotion
828,8,Court,1,Anticipation,Emotion
829,8,Retirement,1,Anticipation,Emotion
830,8,Court,1,Fear,Emotion
831,8,Government,1,Fear,Emotion
832,8,Retirement,1,Fear,Emotion
833,8,Food,1,Joy,Emotion
834,8,Resources,1,Joy,Emotion
835,8,Retirement,1,Joy,Emotion
836,8,Special,1,Joy,Emotion
837,8,Detention,1,Negative,Sentiment
838,8,Expenses,1,Negative,Sentiment
839,8,Government,1,Negative,Sentiment
840,8,Juvenile,1,Negative,Sentiment
841,8,Retirement,1,Negative,Sentiment
842,8,Assistance,1,Positive,Sentiment
843,8,Food,1,Positive,Sentiment
844,8,General,1,Positive,Sentiment
845,8,Included,1,Positive,Sentiment
846,8,Level,1,Positive,Sentiment
847,8,Merit,1,Positive,Sentiment
848,8,Pool,1,Positive,Sentiment
849,8,Primary,1,Positive,Sentiment
850,8,Provide,1,Positive,Sentiment
851,8,Resources,1,Positive,Sentiment
852,8,Responsible,1,Positive,Sentiment
853,8,Retirement,1,Positive,Sentiment
854,8,Special,1,Positive,Sentiment
855,8,Supplies,1,Positive,Sentiment
856,8,Detention,1,Sadness,Emotion
857,8,Retirement,1,Sadness,Emotion
858,8,Accounts,1,Trust,Emotion
859,8,Food,1,Trust,Emotion
860,8,General,1,Trust,Emotion
861,8,Level,1,Trust,Emotion
862,8,Merit,1,Trust,Emotion
863,8,Provide,1,Trust,Emotion
864,8,Related,1,Trust,Emotion
865,8,Resources,1,Trust,Emotion
866,8,Responsible,1,Trust,Emotion
867,8,Retirement,1,Trust,Emotion
868,9,Grant,1,Anticipation,Emotion
869,9,Offset,1,Anticipation,Emotion
870,9,Renovation,1,Anticipation,Emotion
871,9,Inmate,1,Disgust,Emotion
872,9,Septic,1,Disgust,Emotion
873,9,Ambulance,1,Fear,Emotion
874,9,Change,1,Fear,Emotion
875,9,Inmate,1,Fear,Emotion
876,9,Food,1,Joy,Emotion
877,9,Grant,1,Joy,Emotion
878,9,Renovation,1,Joy,Emotion
879,9,Debt,1,Negative,Sentiment
880,9,Expenses,1,Negative,Sentiment
881,9,Inmate,1,Negative,Sentiment
882,9,Juvenile,1,Negative,Sentiment
883,9,Septic,1,Negative,Sentiment
884,9,Allowable,1,Positive,Sentiment
885,9,Assistance,1,Positive,Sentiment
886,9,Center,1,Positive,Sentiment
887,9,Food,1,Positive,Sentiment
888,9,Grant,1,Positive,Sentiment
889,9,Justice,1,Positive,Sentiment
890,9,Offset,1,Positive,Sentiment
891,9,Pilot,1,Positive,Sentiment
892,9,Proper,1,Positive,Sentiment
893,9,Provide,1,Positive,Sentiment
894,9,Renovation,1,Positive,Sentiment
895,9,Shelter,1,Positive,Sentiment
896,9,Debt,1,Sadness,Emotion
897,9,Account,1,Trust,Emotion
898,9,Ambulance,1,Trust,Emotion
899,9,Center,1,Trust,Emotion
900,9,Food,1,Trust,Emotion
901,9,Grant,1,Trust,Emotion
902,9,Justice,1,Trust,Emotion
903,9,Maintenance,1,Trust,Emotion
904,9,Patrol,1,Trust,Emotion
905,9,Pilot,1,Trust,Emotion
906,9,Provide,1,Trust,Emotion
907,9,School,1,Trust,Emotion
908,9,Shelter,1,Trust,Emotion
909,10,Cash,1,Anger,Emotion
910,10,Board,1,Anticipation,Emotion
911,10,Cash,1,Anticipation,Emotion
912,10,Continue,1,Anticipation,Emotion
913,10,Prepare,1,Anticipation,Emotion
914,10,Retirement,1,Anticipation,Emotion
915,10,Risk,1,Anticipation,Emotion
916,10,Time,1,Anticipation,Emotion
917,10,Remains,1,Disgust,Emotion
918,10,Cash,1,Fear,Emotion
919,10,Government,1,Fear,Emotion
920,10,Remains,1,Fear,Emotion
921,10,Retirement,1,Fear,Emotion
922,10,Risk,1,Fear,Emotion
923,10,Cash,1,Joy,Emotion
924,10,Retirement,1,Joy,Emotion
925,10,Expenditure,1,Negative,Sentiment
926,10,Government,1,Negative,Sentiment
927,10,Remains,1,Negative,Sentiment
928,10,Retirement,1,Negative,Sentiment
929,10,Risk,1,Negative,Sentiment
930,10,Tax,1,Negative,Sentiment
931,10,Assistance,1,Positive,Sentiment
932,10,Building,1,Positive,Sentiment
933,10,Cash,1,Positive,Sentiment
934,10,Center,1,Positive,Sentiment
935,10,Community,1,Positive,Sentiment
936,10,Continue,1,Positive,Sentiment
937,10,Fully,1,Positive,Sentiment
938,10,Include,1,Positive,Sentiment
939,10,Including,1,Positive,Sentiment
940,10,Information,1,Positive,Sentiment
941,10,Management,1,Positive,Sentiment
942,10,Pool,1,Positive,Sentiment
943,10,Prepare,1,Positive,Sentiment
944,10,Provide,1,Positive,Sentiment
945,10,Reliance,1,Positive,Sentiment
946,10,Remains,1,Positive,Sentiment
947,10,Retirement,1,Positive,Sentiment
948,10,Retirement,1,Sadness,Emotion
949,10,Tax,1,Sadness,Emotion
950,10,Account,1,Trust,Emotion
951,10,Cash,1,Trust,Emotion
952,10,Center,1,Trust,Emotion
953,10,Chart,1,Trust,Emotion
954,10,Continue,1,Trust,Emotion
955,10,Fully,1,Trust,Emotion
956,10,Maintenance,1,Trust,Emotion
957,10,Management,1,Trust,Emotion
958,10,Provide,1,Trust,Emotion
959,10,Related,1,Trust,Emotion
960,10,Reliance,1,Trust,Emotion
961,10,Remains,1,Trust,Emotion
962,10,Retirement,1,Trust,Emotion
963,11,Abuse,1,Anger,Emotion
964,11,Court,1,Anger,Emotion
965,11,Suicide,1,Anger,Emotion
966,11,Court,1,Anticipation,Emotion
967,11,Delivery,1,Anticipation,Emotion
968,11,Develop,1,Anticipation,Emotion
969,11,Public,1,Anticipation,Emotion
970,11,Start,1,Anticipation,Emotion
971,11,Success,1,Anticipation,Emotion
972,11,Successful,1,Anticipation,Emotion
973,11,Abuse,1,Disgust,Emotion
974,11,Abuse,1,Fear,Emotion
975,11,Court,1,Fear,Emotion
976,11,Suicide,1,Fear,Emotion
977,11,Food,1,Joy,Emotion
978,11,Success,1,Joy,Emotion
979,11,Successful,1,Joy,Emotion
980,11,Abuse,1,Negative,Sentiment
981,11,Debt,1,Negative,Sentiment
982,11,Leave,1,Negative,Sentiment
983,11,Minority,1,Negative,Sentiment
984,11,Suicide,1,Negative,Sentiment
985,11,Actual,1,Positive,Sentiment
986,11,Assistance,1,Positive,Sentiment
987,11,Community,1,Positive,Sentiment
988,11,Counselor,1,Positive,Sentiment
989,11,Delivery,1,Positive,Sentiment
990,11,Develop,1,Positive,Sentiment
991,11,Food,1,Positive,Sentiment
992,11,General,1,Positive,Sentiment
993,11,Growth,1,Positive,Sentiment
994,11,Public,1,Positive,Sentiment
995,11,Shelter,1,Positive,Sentiment
996,11,Substance,1,Positive,Sentiment
997,11,Success,1,Positive,Sentiment
998,11,Successful,1,Positive,Sentiment
999,11,Veteran,1,Positive,Sentiment
1000,11,Younger,1,Positive,Sentiment
1001,11,Abuse,1,Sadness,Emotion
1002,11,Debt,1,Sadness,Emotion
1003,11,Leave,1,Sadness,Emotion
1004,11,Suicide,1,Sadness,Emotion
1005,11,Leave,1,Surprise,Emotion
1006,11,Counselor,1,Trust,Emotion
1007,11,Food,1,Trust,Emotion
1008,11,General,1,Trust,Emotion
1009,11,Lodging,1,Trust,Emotion
1010,11,Shelter,1,Trust,Emotion
1011,11,Successful,1,Trust,Emotion
1012,11,Veteran,1,Trust,Emotion
1013,12,Child,1,Anticipation,Emotion
1014,12,Public,1,Anticipation,Emotion
1015,12,Emergency,1,Fear,Emotion
1016,12,Child,1,Joy,Emotion
1017,12,Decrease,1,Negative,Sentiment
1018,12,Emergency,1,Negative,Sentiment
1019,12,Child,1,Positive,Sentiment
1020,12,Public,1,Positive,Sentiment
1021,12,Emergency,1,Sadness,Emotion
1022,12,Emergency,1,Surprise,Emotion
1023,12,Association,1,Trust,Emotion
1024,12,Budget,1,Trust,Emotion
1025,13,Coming,1,Anticipation,Emotion
1026,13,Continue,1,Anticipation,Emotion
1027,13,Offset,1,Anticipation,Emotion
1028,13,Planning,1,Anticipation,Emotion
1029,13,Public,1,Anticipation,Emotion
1030,13,Renovate,1,Anticipation,Emotion
1031,13,Result,1,Anticipation,Emotion
1032,13,Unsatisfactory,1,Disgust,Emotion
1033,13,Change,1,Fear,Emotion
1034,13,Found,1,Joy,Emotion
1035,13,Outstanding,1,Joy,Emotion
1036,13,Outstanding,1,Negative,Sentiment
1037,13,Unsatisfactory,1,Negative,Sentiment
1038,13,Attraction,1,Positive,Sentiment
1039,13,Benefit,1,Positive,Sentiment
1040,13,Community,1,Positive,Sentiment
1041,13,Continue,1,Positive,Sentiment
1042,13,Effective,1,Positive,Sentiment
1043,13,Found,1,Positive,Sentiment
1044,13,Included,1,Positive,Sentiment
1045,13,Information,1,Positive,Sentiment
1046,13,Job,1,Positive,Sentiment
1047,13,Level,1,Positive,Sentiment
1048,13,Offset,1,Positive,Sentiment
1049,13,Outstanding,1,Positive,Sentiment
1050,13,Planning,1,Positive,Sentiment
1051,13,Pool,1,Positive,Sentiment
1052,13,Provide,1,Positive,Sentiment
1053,13,Public,1,Positive,Sentiment
1054,13,Renovate,1,Positive,Sentiment
1055,13,Retention,1,Positive,Sentiment
1056,13,Continue,1,Trust,Emotion
1057,13,Effective,1,Trust,Emotion
1058,13,Fill,1,Trust,Emotion
1059,13,Found,1,Trust,Emotion
1060,13,Level,1,Trust,Emotion
1061,13,Offering,1,Trust,Emotion
1062,13,Planning,1,Trust,Emotion
1063,13,Provide,1,Trust,Emotion
1064,14,Long,1,Anticipation,Emotion
1065,14,Avoid,1,Fear,Emotion
1066,14,Avoid,1,Negative,Sentiment
1067,14,Debt,1,Negative,Sentiment
1068,14,Tax,1,Negative,Sentiment
1069,14,Effort,1,Positive,Sentiment
1070,14,Focus,1,Positive,Sentiment
1071,14,Increase,1,Positive,Sentiment
1072,14,Level,1,Positive,Sentiment
1073,14,Major,1,Positive,Sentiment
1074,14,Population,1,Positive,Sentiment
1075,14,Resident,1,Positive,Sentiment
1076,14,Debt,1,Sadness,Emotion
1077,14,Tax,1,Sadness,Emotion
1078,14,Chart,1,Trust,Emotion
1079,14,Level,1,Trust,Emotion
1080,15,Delay,1,Anger,Emotion
1081,15,Elimination,1,Anger,Emotion
1082,15,Develop,1,Anticipation,Emotion
1083,15,Recurrent,1,Anticipation,Emotion
1084,15,Delay,1,Disgust,Emotion
1085,15,Elimination,1,Disgust,Emotion
1086,15,Change,1,Fear,Emotion
1087,15,Delay,1,Fear,Emotion
1088,15,Elimination,1,Fear,Emotion
1089,15,Bonds,1,Negative,Sentiment
1090,15,Bottom,1,Negative,Sentiment
1091,15,Delay,1,Negative,Sentiment
1092,15,Delayed,1,Negative,Sentiment
1093,15,Elimination,1,Negative,Sentiment
1094,15,Actual,1,Positive,Sentiment
1095,15,Assistance,1,Positive,Sentiment
1096,15,Community,1,Positive,Sentiment
1097,15,Develop,1,Positive,Sentiment
1098,15,Improving,1,Positive,Sentiment
1099,15,Level,1,Positive,Sentiment
1100,15,Major,1,Positive,Sentiment
1101,15,Modest,1,Positive,Sentiment
1102,15,Pick,1,Positive,Sentiment
1103,15,Supplies,1,Positive,Sentiment
1104,15,Bottom,1,Sadness,Emotion
1105,15,Delay,1,Sadness,Emotion
1106,15,Elimination,1,Sadness,Emotion
1107,15,Economy,1,Trust,Emotion
1108,15,Fill,1,Trust,Emotion
1109,15,Level,1,Trust,Emotion
1110,15,Modest,1,Trust,Emotion
1111,15,School,1,Trust,Emotion
1112,15,Structural,1,Trust,Emotion
1113,16,Offset,1,Anticipation,Emotion
1114,16,Plan,1,Anticipation,Emotion
1115,16,Public,1,Anticipation,Emotion
1116,16,Renovation,1,Anticipation,Emotion
1117,16,Result,1,Anticipation,Emotion
1118,16,Remains,1,Disgust,Emotion
1119,16,Change,1,Fear,Emotion
1120,16,Forfeiture,1,Fear,Emotion
1121,16,Remains,1,Fear,Emotion
1122,16,Renovation,1,Joy,Emotion
1123,16,Bonds,1,Negative,Sentiment
1124,16,Forfeiture,1,Negative,Sentiment
1125,16,Remains,1,Negative,Sentiment
1126,16,Small,1,Negative,Sentiment
1127,16,Tax,1,Negative,Sentiment
1128,16,Actual,1,Positive,Sentiment
1129,16,General,1,Positive,Sentiment
1130,16,Including,1,Positive,Sentiment
1131,16,Increase,1,Positive,Sentiment
1132,16,Offset,1,Positive,Sentiment
1133,16,Public,1,Positive,Sentiment
1134,16,Received,1,Positive,Sentiment
1135,16,Remains,1,Positive,Sentiment
1136,16,Renovation,1,Positive,Sentiment
1137,16,Forfeiture,1,Sadness,Emotion
1138,16,Tax,1,Sadness,Emotion
1139,16,General,1,Trust,Emotion
1140,16,Maintenance,1,Trust,Emotion
1141,16,Related,1,Trust,Emotion
1142,16,Remains,1,Trust,Emotion
1143,17,Lottery,1,Anticipation,Emotion
1144,17,Salary,1,Anticipation,Emotion
1145,17,Sewerage,1,Disgust,Emotion
1146,17,Encourage,1,Joy,Emotion
1147,17,Salary,1,Joy,Emotion
1148,17,Sewerage,1,Negative,Sentiment
1149,17,Actual,1,Positive,Sentiment
1150,17,Building,1,Positive,Sentiment
1151,17,Encourage,1,Positive,Sentiment
1152,17,General,1,Positive,Sentiment
1153,17,Included,1,Positive,Sentiment
1154,17,Land,1,Positive,Sentiment
1155,17,Received,1,Positive,Sentiment
1156,17,Salary,1,Positive,Sentiment
1157,17,Supplies,1,Positive,Sentiment
1158,17,Supply,1,Positive,Sentiment
1159,17,Encourage,1,Trust,Emotion
1160,17,General,1,Trust,Emotion
1161,17,Related,1,Trust,Emotion
1162,17,Salary,1,Trust,Emotion
1163,18,Expected,1,Anticipation,Emotion
1164,18,Highest,1,Anticipation,Emotion
1165,18,Pay,1,Anticipation,Emotion
1166,18,Renovation,1,Anticipation,Emotion
1167,18,Share,1,Anticipation,Emotion
1168,18,Time,1,Anticipation,Emotion
1169,18,Top,1,Anticipation,Emotion
1170,18,Government,1,Fear,Emotion
1171,18,Highest,1,Fear,Emotion
1172,18,Found,1,Joy,Emotion
1173,18,Highest,1,Joy,Emotion
1174,18,Pay,1,Joy,Emotion
1175,18,Renovation,1,Joy,Emotion
1176,18,Share,1,Joy,Emotion
1177,18,Appropriation,1,Negative,Sentiment
1178,18,Debt,1,Negative,Sentiment
1179,18,Expenses,1,Negative,Sentiment
1180,18,Government,1,Negative,Sentiment
1181,18,Highest,1,Negative,Sentiment
1182,18,Actual,1,Positive,Sentiment
1183,18,Found,1,Positive,Sentiment
1184,18,Fully,1,Positive,Sentiment
1185,18,Highest,1,Positive,Sentiment
1186,18,Included,1,Positive,Sentiment
1187,18,Numbers,1,Positive,Sentiment
1188,18,Pay,1,Positive,Sentiment
1189,18,Population,1,Positive,Sentiment
1190,18,Renovation,1,Positive,Sentiment
1191,18,Share,1,Positive,Sentiment
1192,18,Top,1,Positive,Sentiment
1193,18,Debt,1,Sadness,Emotion
1194,18,Highest,1,Surprise,Emotion
1195,18,Found,1,Trust,Emotion
1196,18,Fully,1,Trust,Emotion
1197,18,Law,1,Trust,Emotion
1198,18,Pay,1,Trust,Emotion
1199,18,Share,1,Trust,Emotion
1200,18,System,1,Trust,Emotion
1201,18,Top,1,Trust,Emotion
1202,19,Abuse,1,Anger,Emotion
1203,19,Board,1,Anticipation,Emotion
1204,19,Abuse,1,Disgust,Emotion
1205,19,Abuse,1,Fear,Emotion
1206,19,Found,1,Joy,Emotion
1207,19,Abuse,1,Negative,Sentiment
1208,19,Bonds,1,Negative,Sentiment
1209,19,Disability,1,Negative,Sentiment
1210,19,Expenses,1,Negative,Sentiment
1211,19,Assist,1,Positive,Sentiment
1212,19,Found,1,Positive,Sentiment
1213,19,General,1,Positive,Sentiment
1214,19,Include,1,Positive,Sentiment
1215,19,Increase,1,Positive,Sentiment
1216,19,Responsible,1,Positive,Sentiment
1217,19,Substance,1,Positive,Sentiment
1218,19,Abuse,1,Sadness,Emotion
1219,19,Disability,1,Sadness,Emotion
1220,19,Accounts,1,Trust,Emotion
1221,19,Assist,1,Trust,Emotion
1222,19,Found,1,Trust,Emotion
1223,19,General,1,Trust,Emotion
1224,19,Maintenance,1,Trust,Emotion
1225,19,Responsible,1,Trust,Emotion
1226,20,Abuse,1,Anger,Emotion
1227,20,Suicide,1,Anger,Emotion
1228,20,Medical,1,Anticipation,Emotion
1229,20,Abuse,1,Disgust,Emotion
1230,20,Septic,1,Disgust,Emotion
1231,20,Abuse,1,Fear,Emotion
1232,20,Medical,1,Fear,Emotion
1233,20,Suicide,1,Fear,Emotion
1234,20,Abuse,1,Negative,Sentiment
1235,20,Enforcement,1,Negative,Sentiment
1236,20,Septic,1,Negative,Sentiment
1237,20,Suicide,1,Negative,Sentiment
1238,20,Actual,1,Positive,Sentiment
1239,20,Balance,1,Positive,Sentiment
1240,20,Community,1,Positive,Sentiment
1241,20,Fully,1,Positive,Sentiment
1242,20,Medical,1,Positive,Sentiment
1243,20,Proper,1,Positive,Sentiment
1244,20,Substance,1,Positive,Sentiment
1245,20,Supplies,1,Positive,Sentiment
1246,20,Veteran,1,Positive,Sentiment
1247,20,Abuse,1,Sadness,Emotion
1248,20,Suicide,1,Sadness,Emotion
1249,20,Fully,1,Trust,Emotion
1250,20,Medical,1,Trust,Emotion
1251,20,System,1,Trust,Emotion
1252,20,Veteran,1,Trust,Emotion
1253,21,Contingent,1,Anticipation,Emotion
1254,21,Continue,1,Anticipation,Emotion
1255,21,Medical,1,Anticipation,Emotion
1256,21,Offset,1,Anticipation,Emotion
1257,21,Pay,1,Anticipation,Emotion
1258,21,Success,1,Anticipation,Emotion
1259,21,Medical,1,Fear,Emotion
1260,21,Food,1,Joy,Emotion
1261,21,Pay,1,Joy,Emotion
1262,21,Success,1,Joy,Emotion
1263,21,Expenditure,1,Negative,Sentiment
1264,21,Assistance,1,Positive,Sentiment
1265,21,Building,1,Positive,Sentiment
1266,21,Continue,1,Positive,Sentiment
1267,21,Food,1,Positive,Sentiment
1268,21,General,1,Positive,Sentiment
1269,21,Including,1,Positive,Sentiment
1270,21,Increase,1,Positive,Sentiment
1271,21,Management,1,Positive,Sentiment
1272,21,Medical,1,Positive,Sentiment
1273,21,Offset,1,Positive,Sentiment
1274,21,Pay,1,Positive,Sentiment
1275,21,Pilot,1,Positive,Sentiment
1276,21,Protect,1,Positive,Sentiment
1277,21,Success,1,Positive,Sentiment
1278,21,Working,1,Positive,Sentiment
1279,21,Continue,1,Trust,Emotion
1280,21,Establish,1,Trust,Emotion
1281,21,Food,1,Trust,Emotion
1282,21,Framework,1,Trust,Emotion
1283,21,General,1,Trust,Emotion
1284,21,Management,1,Trust,Emotion
1285,21,Medical,1,Trust,Emotion
1286,21,Pay,1,Trust,Emotion
1287,21,Pilot,1,Trust,Emotion
1288,22,Demand,1,Anger,Emotion
1289,22,Child,1,Anticipation,Emotion
1290,22,Pay,1,Anticipation,Emotion
1291,22,Providing,1,Anticipation,Emotion
1292,22,Result,1,Anticipation,Emotion
1293,22,Share,1,Anticipation,Emotion
1294,22,Ambulance,1,Fear,Emotion
1295,22,Change,1,Fear,Emotion
1296,22,Hospital,1,Fear,Emotion
1297,22,Child,1,Joy,Emotion
1298,22,Pay,1,Joy,Emotion
1299,22,Providing,1,Joy,Emotion
1300,22,Share,1,Joy,Emotion
1301,22,Special,1,Joy,Emotion
1302,22,Demand,1,Negative,Sentiment
1303,22,Detention,1,Negative,Sentiment
1304,22,Enforcement,1,Negative,Sentiment
1305,22,Lower,1,Negative,Sentiment
1306,22,Actual,1,Positive,Sentiment
1307,22,Allowable,1,Positive,Sentiment
1308,22,Balance,1,Positive,Sentiment
1309,22,Child,1,Positive,Sentiment
1310,22,Counselor,1,Positive,Sentiment
1311,22,Elder,1,Positive,Sentiment
1312,22,Included,1,Positive,Sentiment
1313,22,Master,1,Positive,Sentiment
1314,22,Pay,1,Positive,Sentiment
1315,22,Provide,1,Positive,Sentiment
1316,22,Providing,1,Positive,Sentiment
1317,22,Share,1,Positive,Sentiment
1318,22,Shelter,1,Positive,Sentiment
1319,22,Special,1,Positive,Sentiment
1320,22,Supply,1,Positive,Sentiment
1321,22,Technology,1,Positive,Sentiment
1322,22,Detention,1,Sadness,Emotion
1323,22,Hospital,1,Sadness,Emotion
1324,22,Lower,1,Sadness,Emotion
1325,22,Ambulance,1,Trust,Emotion
1326,22,Counselor,1,Trust,Emotion
1327,22,Elder,1,Trust,Emotion
1328,22,Hospital,1,Trust,Emotion
1329,22,Law,1,Trust,Emotion
1330,22,Pay,1,Trust,Emotion
1331,22,Provide,1,Trust,Emotion
1332,22,Providing,1,Trust,Emotion
1333,22,Share,1,Trust,Emotion
1334,22,Shelter,1,Trust,Emotion
1335,23,Plan,1,Anticipation,Emotion
1336,23,Planning,1,Anticipation,Emotion
1337,23,Prepare,1,Anticipation,Emotion
1338,23,Start,1,Anticipation,Emotion
1339,23,Avoid,1,Fear,Emotion
1340,23,Emergency,1,Fear,Emotion
1341,23,Avoid,1,Negative,Sentiment
1342,23,Debt,1,Negative,Sentiment
1343,23,Emergency,1,Negative,Sentiment
1344,23,Enforcement,1,Negative,Sentiment
1345,23,Expenditure,1,Negative,Sentiment
1346,23,Juvenile,1,Negative,Sentiment
1347,23,Actual,1,Positive,Sentiment
1348,23,Fleet,1,Positive,Sentiment
1349,23,General,1,Positive,Sentiment
1350,23,Information,1,Positive,Sentiment
1351,23,Justice,1,Positive,Sentiment
1352,23,Planning,1,Positive,Sentiment
1353,23,Prepare,1,Positive,Sentiment
1354,23,Provide,1,Positive,Sentiment
1355,23,Debt,1,Sadness,Emotion
1356,23,Emergency,1,Sadness,Emotion
1357,23,Emergency,1,Surprise,Emotion
1358,23,County,1,Trust,Emotion
1359,23,General,1,Trust,Emotion
1360,23,Justice,1,Trust,Emotion
1361,23,Law,1,Trust,Emotion
1362,23,Planning,1,Trust,Emotion
1363,23,Provide,1,Trust,Emotion
1364,24,Attorney,1,Anger,Emotion
1365,24,Continue,1,Anticipation,Emotion
1366,24,Offset,1,Anticipation,Emotion
1367,24,Attorney,1,Fear,Emotion
1368,24,Resources,1,Joy,Emotion
1369,24,Expenditure,1,Negative,Sentiment
1370,24,Tax,1,Negative,Sentiment
1371,24,Attorney,1,Positive,Sentiment
1372,24,Attraction,1,Positive,Sentiment
1373,24,Continue,1,Positive,Sentiment
1374,24,Include,1,Positive,Sentiment
1375,24,Included,1,Positive,Sentiment
1376,24,Legal,1,Positive,Sentiment
1377,24,Major,1,Positive,Sentiment
1378,24,Management,1,Positive,Sentiment
1379,24,Offset,1,Positive,Sentiment
1380,24,Primary,1,Positive,Sentiment
1381,24,Resources,1,Positive,Sentiment
1382,24,Retention,1,Positive,Sentiment
1383,24,Tax,1,Sadness,Emotion
1384,24,Assessment,1,Surprise,Emotion
1385,24,Assessment,1,Trust,Emotion
1386,24,Attorney,1,Trust,Emotion
1387,24,Continue,1,Trust,Emotion
1388,24,Fill,1,Trust,Emotion
1389,24,Legal,1,Trust,Emotion
1390,24,Management,1,Trust,Emotion
1391,24,Offering,1,Trust,Emotion
1392,24,Policy,1,Trust,Emotion
1393,24,Resources,1,Trust,Emotion
1394,25,Attorney,1,Anger,Emotion
1395,25,Public,1,Anticipation,Emotion
1396,25,Inmate,1,Disgust,Emotion
1397,25,Attorney,1,Fear,Emotion
1398,25,Inmate,1,Fear,Emotion
1399,25,Resources,1,Joy,Emotion
1400,25,Inmate,1,Negative,Sentiment
1401,25,Tax,1,Negative,Sentiment
1402,25,Actual,1,Positive,Sentiment
1403,25,Attorney,1,Positive,Sentiment
1404,25,Balance,1,Positive,Sentiment
1405,25,Community,1,Positive,Sentiment
1406,25,Full,1,Positive,Sentiment
1407,25,Management,1,Positive,Sentiment
1408,25,Public,1,Positive,Sentiment
1409,25,Resources,1,Positive,Sentiment
1410,25,Tax,1,Sadness,Emotion
1411,25,Attorney,1,Trust,Emotion
1412,25,Deputy,1,Trust,Emotion
1413,25,Management,1,Trust,Emotion
1414,25,Resources,1,Trust,Emotion
1415,26,Fee,1,Anger,Emotion
1416,26,Conservation,1,Anticipation,Emotion
1417,26,Expected,1,Anticipation,Emotion
1418,26,Grant,1,Anticipation,Emotion
1419,26,Offset,1,Anticipation,Emotion
1420,26,Providing,1,Anticipation,Emotion
1421,26,Recreation,1,Anticipation,Emotion
1422,26,White,1,Anticipation,Emotion
1423,26,Soil,1,Disgust,Emotion
1424,26,Waste,1,Disgust,Emotion
1425,26,Government,1,Fear,Emotion
1426,26,Encourage,1,Joy,Emotion
1427,26,Grant,1,Joy,Emotion
1428,26,Providing,1,Joy,Emotion
1429,26,Recreation,1,Joy,Emotion
1430,26,Resources,1,Joy,Emotion
1431,26,White,1,Joy,Emotion
1432,26,Decrease,1,Negative,Sentiment
1433,26,Expenditure,1,Negative,Sentiment
1434,26,Fee,1,Negative,Sentiment
1435,26,Government,1,Negative,Sentiment
1436,26,Small,1,Negative,Sentiment
1437,26,Soil,1,Negative,Sentiment
1438,26,Tax,1,Negative,Sentiment
1439,26,Waste,1,Negative,Sentiment
1440,26,Actual,1,Positive,Sentiment
1441,26,Balance,1,Positive,Sentiment
1442,26,Conservation,1,Positive,Sentiment
1443,26,Cooperative,1,Positive,Sentiment
1444,26,Encourage,1,Positive,Sentiment
1445,26,Full,1,Positive,Sentiment
1446,26,Goods,1,Positive,Sentiment
1447,26,Grant,1,Positive,Sentiment
1448,26,Growth,1,Positive,Sentiment
1449,26,Job,1,Positive,Sentiment
1450,26,Level,1,Positive,Sentiment
1451,26,Offset,1,Positive,Sentiment
1452,26,Orderly,1,Positive,Sentiment
1453,26,Protect,1,Positive,Sentiment
1454,26,Providing,1,Positive,Sentiment
1455,26,Recreation,1,Positive,Sentiment
1456,26,Resident,1,Positive,Sentiment
1457,26,Resources,1,Positive,Sentiment
1458,26,Solid,1,Positive,Sentiment
1459,26,Technology,1,Positive,Sentiment
1460,26,White,1,Positive,Sentiment
1461,26,Tax,1,Sadness,Emotion
1462,26,Conservation,1,Trust,Emotion
1463,26,Cooperative,1,Trust,Emotion
1464,26,Encourage,1,Trust,Emotion
1465,26,Grant,1,Trust,Emotion
1466,26,Level,1,Trust,Emotion
1467,26,Providing,1,Trust,Emotion
1468,26,Resources,1,Trust,Emotion
1469,26,System,1,Trust,Emotion
1470,26,Truck,1,Trust,Emotion
1471,26,White,1,Trust,Emotion
1472,27,Coming,1,Anticipation,Emotion
1473,27,Renovate,1,Anticipation,Emotion
1474,27,Unsatisfactory,1,Disgust,Emotion
1475,27,Waste,1,Disgust,Emotion
1476,27,Found,1,Joy,Emotion
1477,27,Outstanding,1,Joy,Emotion
1478,27,Decrease,1,Negative,Sentiment
1479,27,Detention,1,Negative,Sentiment
1480,27,Expenditure,1,Negative,Sentiment
1481,27,Expenses,1,Negative,Sentiment
1482,27,Outstanding,1,Negative,Sentiment
1483,27,Unsatisfactory,1,Negative,Sentiment
1484,27,Waste,1,Negative,Sentiment
1485,27,Center,1,Positive,Sentiment
1486,27,Culture,1,Positive,Sentiment
1487,27,Found,1,Positive,Sentiment
1488,27,Included,1,Positive,Sentiment
1489,27,Information,1,Positive,Sentiment
1490,27,Level,1,Positive,Sentiment
1491,27,Major,1,Positive,Sentiment
1492,27,Management,1,Positive,Sentiment
1493,27,Outstanding,1,Positive,Sentiment
1494,27,Renovate,1,Positive,Sentiment
1495,27,Shelter,1,Positive,Sentiment
1496,27,Solid,1,Positive,Sentiment
1497,27,Detention,1,Sadness,Emotion
1498,27,Center,1,Trust,Emotion
1499,27,Found,1,Trust,Emotion
1500,27,Level,1,Trust,Emotion
1501,27,Maintenance,1,Trust,Emotion
1502,27,Management,1,Trust,Emotion
1503,27,Shelter,1,Trust,Emotion
1504,28,Medical,1,Anticipation,Emotion
1505,28,Pay,1,Anticipation,Emotion
1506,28,Public,1,Anticipation,Emotion
1507,28,Ambulance,1,Fear,Emotion
1508,28,Change,1,Fear,Emotion
1509,28,Fire,1,Fear,Emotion
1510,28,Medical,1,Fear,Emotion
1511,28,Pay,1,Joy,Emotion
1512,28,Subject,1,Negative,Sentiment
1513,28,Actual,1,Positive,Sentiment
1514,28,Medical,1,Positive,Sentiment
1515,28,Pay,1,Positive,Sentiment
1516,28,Public,1,Positive,Sentiment
1517,28,Ambulance,1,Trust,Emotion
1518,28,Medical,1,Trust,Emotion
1519,28,Pay,1,Trust,Emotion
1520,29,Board,1,Anticipation,Emotion
1521,29,Expect,1,Anticipation,Emotion
1522,29,Expected,1,Anticipation,Emotion
1523,29,Change,1,Fear,Emotion
1524,29,Levy,1,Negative,Sentiment
1525,29,Actual,1,Positive,Sentiment
1526,29,Balance,1,Positive,Sentiment
1527,29,Expect,1,Positive,Sentiment
1528,29,Land,1,Positive,Sentiment
1529,29,Real,1,Positive,Sentiment
1530,29,Expect,1,Surprise,Emotion
1531,29,Budget,1,Trust,Emotion
1532,29,Expect,1,Trust,Emotion
1533,29,Personal,1,Trust,Emotion
1534,29,Real,1,Trust,Emotion
1535,30,Completing,1,Anticipation,Emotion
1536,30,Unexpected,1,Anticipation,Emotion
1537,30,Change,1,Fear,Emotion
1538,30,Unexpected,1,Fear,Emotion
1539,30,Completing,1,Joy,Emotion
1540,30,Established,1,Joy,Emotion
1541,30,Unexpected,1,Joy,Emotion
1542,30,Lower,1,Negative,Sentiment
1543,30,Unexpected,1,Negative,Sentiment
1544,30,Actual,1,Positive,Sentiment
1545,30,August,1,Positive,Sentiment
1546,30,Completing,1,Positive,Sentiment
1547,30,Contact,1,Positive,Sentiment
1548,30,Established,1,Positive,Sentiment
1549,30,Information,1,Positive,Sentiment
1550,30,Provide,1,Positive,Sentiment
1551,30,Unexpected,1,Positive,Sentiment
1552,30,Lower,1,Sadness,Emotion
1553,30,Unexpected,1,Surprise,Emotion
1554,30,Fact,1,Trust,Emotion
1555,30,Provide,1,Trust,Emotion
1556,31,Lottery,1,Anticipation,Emotion
1557,31,Public,1,Anticipation,Emotion
1558,31,Result,1,Anticipation,Emotion
1559,31,Government,1,Fear,Emotion
1560,31,Excluding,1,Negative,Sentiment
1561,31,Government,1,Negative,Sentiment
1562,31,Public,1,Positive,Sentiment
1563,31,Real,1,Positive,Sentiment
1564,31,Excluding,1,Sadness,Emotion
1565,31,Account,1,Trust,Emotion
1566,31,Chart,1,Trust,Emotion
1567,31,County,1,Trust,Emotion
1568,31,Personal,1,Trust,Emotion
1569,31,Real,1,Trust,Emotion
1570,32,Money,1,Anger,Emotion
1571,32,Repay,1,Anger,Emotion
1572,32,Exceed,1,Anticipation,Emotion
1573,32,Grant,1,Anticipation,Emotion
1574,32,Money,1,Anticipation,Emotion
1575,32,Public,1,Anticipation,Emotion
1576,32,Renovate,1,Anticipation,Emotion
1577,32,Repay,1,Anticipation,Emotion
1578,32,Result,1,Anticipation,Emotion
1579,32,Unexpected,1,Anticipation,Emotion
1580,32,Forced,1,Fear,Emotion
1581,32,Operation,1,Fear,Emotion
1582,32,Unexpected,1,Fear,Emotion
1583,32,Established,1,Joy,Emotion
1584,32,Exceed,1,Joy,Emotion
1585,32,Grant,1,Joy,Emotion
1586,32,Money,1,Joy,Emotion
1587,32,Repay,1,Joy,Emotion
1588,32,Resources,1,Joy,Emotion
1589,32,Special,1,Joy,Emotion
1590,32,Unexpected,1,Joy,Emotion
1591,32,Enforcement,1,Negative,Sentiment
1592,32,Forced,1,Negative,Sentiment
1593,32,Lost,1,Negative,Sentiment
1594,32,Payment,1,Negative,Sentiment
1595,32,Unexpected,1,Negative,Sentiment
1596,32,Authorized,1,Positive,Sentiment
1597,32,Build,1,Positive,Sentiment
1598,32,Center,1,Positive,Sentiment
1599,32,Eligible,1,Positive,Sentiment
1600,32,Established,1,Positive,Sentiment
1601,32,Exceed,1,Positive,Sentiment
1602,32,Grant,1,Positive,Sentiment
1603,32,Justice,1,Positive,Sentiment
1604,32,Money,1,Positive,Sentiment
1605,32,Provide,1,Positive,Sentiment
1606,32,Public,1,Positive,Sentiment
1607,32,Received,1,Positive,Sentiment
1608,32,Renovate,1,Positive,Sentiment
1609,32,Repay,1,Positive,Sentiment
1610,32,Resources,1,Positive,Sentiment
1611,32,Responsible,1,Positive,Sentiment
1612,32,Special,1,Positive,Sentiment
1613,32,Supported,1,Positive,Sentiment
1614,32,Unexpected,1,Positive,Sentiment
1615,32,Lost,1,Sadness,Emotion
1616,32,Money,1,Surprise,Emotion
1617,32,Unexpected,1,Surprise,Emotion
1618,32,Center,1,Trust,Emotion
1619,32,Grant,1,Trust,Emotion
1620,32,Justice,1,Trust,Emotion
1621,32,Law,1,Trust,Emotion
1622,32,Money,1,Trust,Emotion
1623,32,Operation,1,Trust,Emotion
1624,32,Provide,1,Trust,Emotion
1625,32,Related,1,Trust,Emotion
1626,32,Repay,1,Trust,Emotion
1627,32,Resources,1,Trust,Emotion
1628,32,Responsible,1,Trust,Emotion
1629,33,Fee,1,Anger,Emotion
1630,33,Public,1,Anticipation,Emotion
1631,33,Share,1,Anticipation,Emotion
1632,33,Change,1,Fear,Emotion
1633,33,Share,1,Joy,Emotion
1634,33,Fee,1,Negative,Sentiment
1635,33,Determined,1,Positive,Sentiment
1636,33,Eligible,1,Positive,Sentiment
1637,33,Including,1,Positive,Sentiment
1638,33,Increase,1,Positive,Sentiment
1639,33,Population,1,Positive,Sentiment
1640,33,Public,1,Positive,Sentiment
1641,33,Qualified,1,Positive,Sentiment
1642,33,Share,1,Positive,Sentiment
1643,33,Strength,1,Positive,Sentiment
1644,33,Account,1,Trust,Emotion
1645,33,Administrative,1,Trust,Emotion
1646,33,Budget,1,Trust,Emotion
1647,33,Qualified,1,Trust,Emotion
1648,33,Share,1,Trust,Emotion
1649,33,Strength,1,Trust,Emotion
1650,34,Expect,1,Anticipation,Emotion
1651,34,Medical,1,Anticipation,Emotion
1652,34,Result,1,Anticipation,Emotion
1653,34,Ambulance,1,Fear,Emotion
1654,34,Change,1,Fear,Emotion
1655,34,Medical,1,Fear,Emotion
1656,34,Enforcement,1,Negative,Sentiment
1657,34,Actual,1,Positive,Sentiment
1658,34,Considerable,1,Positive,Sentiment
1659,34,Expect,1,Positive,Sentiment
1660,34,General,1,Positive,Sentiment
1661,34,Include,1,Positive,Sentiment
1662,34,Medical,1,Positive,Sentiment
1663,34,Prudent,1,Positive,Sentiment
1664,34,Received,1,Positive,Sentiment
1665,34,Expect,1,Surprise,Emotion
1666,34,Accounts,1,Trust,Emotion
1667,34,Ambulance,1,Trust,Emotion
1668,34,Base,1,Trust,Emotion
1669,34,Expect,1,Trust,Emotion
1670,34,General,1,Trust,Emotion
1671,34,Law,1,Trust,Emotion
1672,34,Medical,1,Trust,Emotion
1673,34,Prudent,1,Trust,Emotion
1674,34,Related,1,Trust,Emotion
1675,35,Fee,1,Anger,Emotion
1676,35,Expected,1,Anticipation,Emotion
1677,35,Medical,1,Anticipation,Emotion
1678,35,Offset,1,Anticipation,Emotion
1679,35,Pay,1,Anticipation,Emotion
1680,35,Change,1,Fear,Emotion
1681,35,Government,1,Fear,Emotion
1682,35,Medical,1,Fear,Emotion
1683,35,Pay,1,Joy,Emotion
1684,35,Special,1,Joy,Emotion
1685,35,Fee,1,Negative,Sentiment
1686,35,Government,1,Negative,Sentiment
1687,35,Late,1,Negative,Sentiment
1688,35,Payment,1,Negative,Sentiment
1689,35,Tax,1,Negative,Sentiment
1690,35,Allowable,1,Positive,Sentiment
1691,35,Included,1,Positive,Sentiment
1692,35,Including,1,Positive,Sentiment
1693,35,Interest,1,Positive,Sentiment
1694,35,Medical,1,Positive,Sentiment
1695,35,Offset,1,Positive,Sentiment
1696,35,Pay,1,Positive,Sentiment
1697,35,Primary,1,Positive,Sentiment
1698,35,Received,1,Positive,Sentiment
1699,35,Special,1,Positive,Sentiment
1700,35,Late,1,Sadness,Emotion
1701,35,Tax,1,Sadness,Emotion
1702,35,Cable,1,Surprise,Emotion
1703,35,Badge,1,Trust,Emotion
1704,35,Budget,1,Trust,Emotion
1705,35,Chart,1,Trust,Emotion
1706,35,Medical,1,Trust,Emotion
1707,35,Pay,1,Trust,Emotion
1708,35,Treasurer,1,Trust,Emotion
1709,36,Money,1,Anger,Emotion
1710,36,Rating,1,Anger,Emotion
1711,36,Board,1,Anticipation,Emotion
1712,36,Exceed,1,Anticipation,Emotion
1713,36,Finally,1,Anticipation,Emotion
1714,36,Hope,1,Anticipation,Emotion
1715,36,Money,1,Anticipation,Emotion
1716,36,Offset,1,Anticipation,Emotion
1717,36,Public,1,Anticipation,Emotion
1718,36,Time,1,Anticipation,Emotion
1719,36,Unexpected,1,Anticipation,Emotion
1720,36,Finally,1,Disgust,Emotion
1721,36,Remains,1,Disgust,Emotion
1722,36,Ambulance,1,Fear,Emotion
1723,36,Government,1,Fear,Emotion
1724,36,Rating,1,Fear,Emotion
1725,36,Remains,1,Fear,Emotion
1726,36,Unexpected,1,Fear,Emotion
1727,36,Exceed,1,Joy,Emotion
1728,36,Finally,1,Joy,Emotion
1729,36,Hope,1,Joy,Emotion
1730,36,Money,1,Joy,Emotion
1731,36,Unexpected,1,Joy,Emotion
1732,36,Appropriation,1,Negative,Sentiment
1733,36,Government,1,Negative,Sentiment
1734,36,Margin,1,Negative,Sentiment
1735,36,Rating,1,Negative,Sentiment
1736,36,Remains,1,Negative,Sentiment
1737,36,Unauthorized,1,Negative,Sentiment
1738,36,Unexpected,1,Negative,Sentiment
1739,36,Actual,1,Positive,Sentiment
1740,36,Build,1,Positive,Sentiment
1741,36,Exceed,1,Positive,Sentiment
1742,36,Finally,1,Positive,Sentiment
1743,36,Greater,1,Positive,Sentiment
1744,36,Hope,1,Positive,Sentiment
1745,36,Important,1,Positive,Sentiment
1746,36,Include,1,Positive,Sentiment
1747,36,Increase,1,Positive,Sentiment
1748,36,Level,1,Positive,Sentiment
1749,36,Money,1,Positive,Sentiment
1750,36,Offset,1,Positive,Sentiment
1751,36,Public,1,Positive,Sentiment
1752,36,Received,1,Positive,Sentiment
1753,36,Remains,1,Positive,Sentiment
1754,36,Reserve,1,Positive,Sentiment
1755,36,Rest,1,Positive,Sentiment
1756,36,Shelter,1,Positive,Sentiment
1757,36,Supplies,1,Positive,Sentiment
1758,36,Unexpected,1,Positive,Sentiment
1759,36,Margin,1,Sadness,Emotion
1760,36,Rating,1,Sadness,Emotion
1761,36,Finally,1,Surprise,Emotion
1762,36,Hope,1,Surprise,Emotion
1763,36,Money,1,Surprise,Emotion
1764,36,Unexpected,1,Surprise,Emotion
1765,36,Ambulance,1,Trust,Emotion
1766,36,Base,1,Trust,Emotion
1767,36,Commission,1,Trust,Emotion
1768,36,Finally,1,Trust,Emotion
1769,36,Hope,1,Trust,Emotion
1770,36,Important,1,Trust,Emotion
1771,36,Level,1,Trust,Emotion
1772,36,Money,1,Trust,Emotion
1773,36,Policy,1,Trust,Emotion
1774,36,Related,1,Trust,Emotion
1775,36,Remains,1,Trust,Emotion
1776,36,Shelter,1,Trust,Emotion
1777,36,Team,1,Trust,Emotion
1778,37,Money,1,Anger,Emotion
1779,37,Conservation,1,Anticipation,Emotion
1780,37,Efficient,1,Anticipation,Emotion
1781,37,Exceed,1,Anticipation,Emotion
1782,37,Friendly,1,Anticipation,Emotion
1783,37,Grant,1,Anticipation,Emotion
1784,37,Money,1,Anticipation,Emotion
1785,37,Organization,1,Anticipation,Emotion
1786,37,Preliminary,1,Anticipation,Emotion
1787,37,Public,1,Anticipation,Emotion
1788,37,Responsive,1,Anticipation,Emotion
1789,37,White,1,Anticipation,Emotion
1790,37,Excellence,1,Disgust,Emotion
1791,37,Soil,1,Disgust,Emotion
1792,37,Waste,1,Disgust,Emotion
1793,37,Avoid,1,Fear,Emotion
1794,37,Change,1,Fear,Emotion
1795,37,Equality,1,Joy,Emotion
1796,37,Exceed,1,Joy,Emotion
1797,37,Excellence,1,Joy,Emotion
1798,37,Friendly,1,Joy,Emotion
1799,37,Grant,1,Joy,Emotion
1800,37,Money,1,Joy,Emotion
1801,37,Organization,1,Joy,Emotion
1802,37,White,1,Joy,Emotion
1803,37,Avoid,1,Negative,Sentiment
1804,37,Debt,1,Negative,Sentiment
1805,37,Deficit,1,Negative,Sentiment
1806,37,Gap,1,Negative,Sentiment
1807,37,Soil,1,Negative,Sentiment
1808,37,Waste,1,Negative,Sentiment
1809,37,Actual,1,Positive,Sentiment
1810,37,Center,1,Positive,Sentiment
1811,37,Community,1,Positive,Sentiment
1812,37,Conservation,1,Positive,Sentiment
1813,37,Culture,1,Positive,Sentiment
1814,37,Educational,1,Positive,Sentiment
1815,37,Efficient,1,Positive,Sentiment
1816,37,Equality,1,Positive,Sentiment
1817,37,Exceed,1,Positive,Sentiment
1818,37,Excellence,1,Positive,Sentiment
1819,37,Focus,1,Positive,Sentiment
1820,37,Friendly,1,Positive,Sentiment
1821,37,General,1,Positive,Sentiment
1822,37,Goods,1,Positive,Sentiment
1823,37,Grant,1,Positive,Sentiment
1824,37,Justice,1,Positive,Sentiment
1825,37,Money,1,Positive,Sentiment
1826,37,Organization,1,Positive,Sentiment
1827,37,Prosperity,1,Positive,Sentiment
1828,37,Protecting,1,Positive,Sentiment
1829,37,Provide,1,Positive,Sentiment
1830,37,Public,1,Positive,Sentiment
1831,37,Reserve,1,Positive,Sentiment
1832,37,Responsive,1,Positive,Sentiment
1833,37,Solid,1,Positive,Sentiment
1834,37,Supporting,1,Positive,Sentiment
1835,37,Technology,1,Positive,Sentiment
1836,37,White,1,Positive,Sentiment
1837,37,Debt,1,Sadness,Emotion
1838,37,Money,1,Surprise,Emotion
1839,37,Organization,1,Surprise,Emotion
1840,37,Budget,1,Trust,Emotion
1841,37,Center,1,Trust,Emotion
1842,37,Conservation,1,Trust,Emotion
1843,37,Educational,1,Trust,Emotion
1844,37,Efficient,1,Trust,Emotion
1845,37,Equality,1,Trust,Emotion
1846,37,Excellence,1,Trust,Emotion
1847,37,Friendly,1,Trust,Emotion
1848,37,General,1,Trust,Emotion
1849,37,Grant,1,Trust,Emotion
1850,37,Justice,1,Trust,Emotion
1851,37,Money,1,Trust,Emotion
1852,37,Organization,1,Trust,Emotion
1853,37,Protecting,1,Trust,Emotion
1854,37,Provide,1,Trust,Emotion
1855,37,Related,1,Trust,Emotion
1856,37,Relative,1,Trust,Emotion
1857,37,Responsive,1,Trust,Emotion
1858,37,Supporting,1,Trust,Emotion
1859,37,White,1,Trust,Emotion
1860,38,Abuse,1,Anger,Emotion
1861,38,Rating,1,Anger,Emotion
1862,38,Board,1,Anticipation,Emotion
1863,38,Continue,1,Anticipation,Emotion
1864,38,Highest,1,Anticipation,Emotion
1865,38,Long,1,Anticipation,Emotion
1866,38,Organization,1,Anticipation,Emotion
1867,38,Recreation,1,Anticipation,Emotion
1868,38,Seek,1,Anticipation,Emotion
1869,38,Time,1,Anticipation,Emotion
1870,38,Vision,1,Anticipation,Emotion
1871,38,Abuse,1,Disgust,Emotion
1872,38,Abuse,1,Fear,Emotion
1873,38,Highest,1,Fear,Emotion
1874,38,Problem,1,Fear,Emotion
1875,38,Rating,1,Fear,Emotion
1876,38,Highest,1,Joy,Emotion
1877,38,Organization,1,Joy,Emotion
1878,38,Recreation,1,Joy,Emotion
1879,38,Safe,1,Joy,Emotion
1880,38,Abuse,1,Negative,Sentiment
1881,38,Bonds,1,Negative,Sentiment
1882,38,Highest,1,Negative,Sentiment
1883,38,Involuntary,1,Negative,Sentiment
1884,38,Litigation,1,Negative,Sentiment
1885,38,Problem,1,Negative,Sentiment
1886,38,Rating,1,Negative,Sentiment
1887,38,Tax,1,Negative,Sentiment
1888,38,Accountability,1,Positive,Sentiment
1889,38,Balance,1,Positive,Sentiment
1890,38,Community,1,Positive,Sentiment
1891,38,Construct,1,Positive,Sentiment
1892,38,Continue,1,Positive,Sentiment
1893,38,Culture,1,Positive,Sentiment
1894,38,Enhance,1,Positive,Sentiment
1895,38,Guide,1,Positive,Sentiment
1896,38,Highest,1,Positive,Sentiment
1897,38,Including,1,Positive,Sentiment
1898,38,Innovation,1,Positive,Sentiment
1899,38,Level,1,Positive,Sentiment
1900,38,Major,1,Positive,Sentiment
1901,38,Merit,1,Positive,Sentiment
1902,38,Organization,1,Positive,Sentiment
1903,38,Pool,1,Positive,Sentiment
1904,38,Recreation,1,Positive,Sentiment
1905,38,Safe,1,Positive,Sentiment
1906,38,Strategic,1,Positive,Sentiment
1907,38,Substance,1,Positive,Sentiment
1908,38,Technology,1,Positive,Sentiment
1909,38,Vision,1,Positive,Sentiment
1910,38,Abuse,1,Sadness,Emotion
1911,38,Problem,1,Sadness,Emotion
1912,38,Rating,1,Sadness,Emotion
1913,38,Tax,1,Sadness,Emotion
1914,38,Highest,1,Surprise,Emotion
1915,38,Organization,1,Surprise,Emotion
1916,38,Accountability,1,Trust,Emotion
1917,38,Coach,1,Trust,Emotion
1918,38,Continue,1,Trust,Emotion
1919,38,Guide,1,Trust,Emotion
1920,38,Level,1,Trust,Emotion
1921,38,Merit,1,Trust,Emotion
1922,38,Organization,1,Trust,Emotion
1923,38,Policy,1,Trust,Emotion
1924,38,Safe,1,Trust,Emotion
1925,39,Confined,1,Anger,Emotion
1926,39,Force,1,Anger,Emotion
1927,39,Achievement,1,Anticipation,Emotion
1928,39,Airport,1,Anticipation,Emotion
1929,39,Board,1,Anticipation,Emotion
1930,39,Improve,1,Anticipation,Emotion
1931,39,Leisure,1,Anticipation,Emotion
1932,39,Long,1,Anticipation,Emotion
1933,39,Planning,1,Anticipation,Emotion
1934,39,Recreation,1,Anticipation,Emotion
1935,39,Result,1,Anticipation,Emotion
1936,39,Seek,1,Anticipation,Emotion
1937,39,University,1,Anticipation,Emotion
1938,39,Young,1,Anticipation,Emotion
1939,39,Confined,1,Disgust,Emotion
1940,39,Confined,1,Fear,Emotion
1941,39,Emergency,1,Fear,Emotion
1942,39,Fire,1,Fear,Emotion
1943,39,Force,1,Fear,Emotion
1944,39,Government,1,Fear,Emotion
1945,39,Achievement,1,Joy,Emotion
1946,39,Create,1,Joy,Emotion
1947,39,Improve,1,Joy,Emotion
1948,39,Leisure,1,Joy,Emotion
1949,39,Recreation,1,Joy,Emotion
1950,39,Young,1,Joy,Emotion
1951,39,Confined,1,Negative,Sentiment
1952,39,Emergency,1,Negative,Sentiment
1953,39,Force,1,Negative,Sentiment
1954,39,Government,1,Negative,Sentiment
1955,39,Tax,1,Negative,Sentiment
1956,39,Academic,1,Positive,Sentiment
1957,39,Achievement,1,Positive,Sentiment
1958,39,Agreement,1,Positive,Sentiment
1959,39,Assistance,1,Positive,Sentiment
1960,39,Comprehensive,1,Positive,Sentiment
1961,39,Counselor,1,Positive,Sentiment
1962,39,Create,1,Positive,Sentiment
1963,39,Effective,1,Positive,Sentiment
1964,39,Facilitate,1,Positive,Sentiment
1965,39,Growth,1,Positive,Sentiment
1966,39,Improve,1,Positive,Sentiment
1967,39,Included,1,Positive,Sentiment
1968,39,Leisure,1,Positive,Sentiment
1969,39,Master,1,Positive,Sentiment
1970,39,Planning,1,Positive,Sentiment
1971,39,Provide,1,Positive,Sentiment
1972,39,Radio,1,Positive,Sentiment
1973,39,Recreation,1,Positive,Sentiment
1974,39,Strategic,1,Positive,Sentiment
1975,39,Supporting,1,Positive,Sentiment
1976,39,Task,1,Positive,Sentiment
1977,39,Technology,1,Positive,Sentiment
1978,39,University,1,Positive,Sentiment
1979,39,Working,1,Positive,Sentiment
1980,39,Young,1,Positive,Sentiment
1981,39,Confined,1,Sadness,Emotion
1982,39,Emergency,1,Sadness,Emotion
1983,39,Tax,1,Sadness,Emotion
1984,39,Emergency,1,Surprise,Emotion
1985,39,Leisure,1,Surprise,Emotion
1986,39,Young,1,Surprise,Emotion
1987,39,Academic,1,Trust,Emotion
1988,39,Achievement,1,Trust,Emotion
1989,39,Agreement,1,Trust,Emotion
1990,39,Alliance,1,Trust,Emotion
1991,39,Communication,1,Trust,Emotion
1992,39,Counselor,1,Trust,Emotion
1993,39,Economy,1,Trust,Emotion
1994,39,Effective,1,Trust,Emotion
1995,39,Improve,1,Trust,Emotion
1996,39,Leisure,1,Trust,Emotion
1997,39,Planning,1,Trust,Emotion
1998,39,Provide,1,Trust,Emotion
1999,39,Retain,1,Trust,Emotion
2000,39,Supporting,1,Trust,Emotion
2001,40,Seek,1,Anticipation,Emotion
2002,40,Start,1,Anticipation,Emotion
2003,40,Safe,1,Joy,Emotion
2004,40,Increase,1,Positive,Sentiment
2005,40,Participation,1,Positive,Sentiment
2006,40,Safe,1,Positive,Sentiment
2007,40,Shelter,1,Positive,Sentiment
2008,40,Structure,1,Positive,Sentiment
2009,40,Commission,1,Trust,Emotion
2010,40,Safe,1,Trust,Emotion
2011,40,Shelter,1,Trust,Emotion
2012,40,Structure,1,Trust,Emotion
